era,leg,region,R9bin,eta_lo,eta_hi,et_lo,et_hi,variant,eff,err_lo,err_hi
etaR9rw_noPresel,seed,EB,R9_0p50to0p55,0.0,1.444,0.0,35.0,bwDscbCms,0.81763,0.00773,0.00398
etaR9rw_noPresel,seed,EB,R9_0p50to0p55,0.0,1.444,0.0,35.0,bwDscbExp,0.79882,0.00116,0.00117
etaR9rw_noPresel,seed,EB,R9_0p50to0p55,0.0,1.444,35.0,37.0,bwDscbCms,0.88898,0.00133,0.00133
etaR9rw_noPresel,seed,EB,R9_0p50to0p55,0.0,1.444,35.0,37.0,bwDscbExp,0.88886,0.00125,0.00124
etaR9rw_noPresel,seed,EB,R9_0p50to0p55,0.0,1.444,37.0,40.0,bwDscbCms,0.9054,0.001,0.001
etaR9rw_noPresel,seed,EB,R9_0p50to0p55,0.0,1.444,37.0,40.0,bwDscbExp,0.90531,0.001,0.001
etaR9rw_noPresel,seed,EB,R9_0p50to0p55,0.0,1.444,40.0,45.0,bwDscbCms,0.91621,0.001,0.001
etaR9rw_noPresel,seed,EB,R9_0p50to0p55,0.0,1.444,40.0,45.0,bwDscbExp,0.91557,0.001,0.001
etaR9rw_noPresel,seed,EB,R9_0p50to0p55,0.0,1.444,45.0,50.0,bwDscbCms,0.92199,0.00154,0.00112
etaR9rw_noPresel,seed,EB,R9_0p50to0p55,0.0,1.444,45.0,50.0,bwDscbExp,0.92076,0.001,0.001
etaR9rw_noPresel,seed,EB,R9_0p50to0p55,0.0,1.444,50.0,60.0,bwDscbCms,0.91666,0.00489,0.00484
etaR9rw_noPresel,seed,EB,R9_0p50to0p55,0.0,1.444,50.0,60.0,bwDscbExp,0.91936,0.00152,0.00152
etaR9rw_noPresel,seed,EB,R9_0p50to0p55,0.0,1.444,60.0,70.0,bwDscbCms,0.93463,0.01442,0.01499
etaR9rw_noPresel,seed,EB,R9_0p50to0p55,0.0,1.444,60.0,70.0,bwDscbExp,0.92495,0.00731,0.00676
etaR9rw_noPresel,seed,EB,R9_0p50to0p55,0.0,1.444,70.0,90.0,bwDscbCms,0.93464,0.00911,0.0069
etaR9rw_noPresel,seed,EB,R9_0p50to0p55,0.0,1.444,70.0,90.0,bwDscbExp,0.93603,0.0068,0.00894
etaR9rw_noPresel,seed,EB,R9_0p50to0p55,0.0,1.444,90.0,999999.0,bwDscbCms,0.95147,0.02004,0.02004
etaR9rw_noPresel,seed,EB,R9_0p50to0p55,0.0,1.444,90.0,999999.0,bwDscbExp,0.94507,0.01386,0.01238
etaR9rw_noPresel,seed,EB,R9_0p55to0p85,0.0,1.444,0.0,35.0,bwDscbCms,0.86305,0.001,0.001
etaR9rw_noPresel,seed,EB,R9_0p55to0p85,0.0,1.444,0.0,35.0,bwDscbExp,0.84936,0.001,0.001
etaR9rw_noPresel,seed,EB,R9_0p55to0p85,0.0,1.444,35.0,37.0,bwDscbCms,0.9347,0.001,0.001
etaR9rw_noPresel,seed,EB,R9_0p55to0p85,0.0,1.444,35.0,37.0,bwDscbExp,0.92864,0.001,0.001
etaR9rw_noPresel,seed,EB,R9_0p55to0p85,0.0,1.444,37.0,40.0,bwDscbCms,0.93932,0.001,0.001
etaR9rw_noPresel,seed,EB,R9_0p55to0p85,0.0,1.444,37.0,40.0,bwDscbExp,0.9393,0.001,0.001
etaR9rw_noPresel,seed,EB,R9_0p55to0p85,0.0,1.444,40.0,45.0,bwDscbCms,0.94691,0.001,0.001
etaR9rw_noPresel,seed,EB,R9_0p55to0p85,0.0,1.444,40.0,45.0,bwDscbExp,0.94681,0.001,0.001
etaR9rw_noPresel,seed,EB,R9_0p55to0p85,0.0,1.444,45.0,50.0,bwDscbCms,0.94928,0.001,0.001
etaR9rw_noPresel,seed,EB,R9_0p55to0p85,0.0,1.444,45.0,50.0,bwDscbExp,0.94879,0.001,0.001
etaR9rw_noPresel,seed,EB,R9_0p55to0p85,0.0,1.444,50.0,60.0,bwDscbCms,0.94649,0.00101,0.001
etaR9rw_noPresel,seed,EB,R9_0p55to0p85,0.0,1.444,50.0,60.0,bwDscbExp,0.94793,0.001,0.001
etaR9rw_noPresel,seed,EB,R9_0p55to0p85,0.0,1.444,60.0,70.0,bwDscbCms,0.95204,0.001,0.001
etaR9rw_noPresel,seed,EB,R9_0p55to0p85,0.0,1.444,60.0,70.0,bwDscbExp,0.95187,0.00405,0.00208
etaR9rw_noPresel,seed,EB,R9_0p55to0p85,0.0,1.444,70.0,90.0,bwDscbCms,0.96458,0.00248,0.00411
etaR9rw_noPresel,seed,EB,R9_0p55to0p85,0.0,1.444,70.0,90.0,bwDscbExp,0.96406,0.0015,0.0019
etaR9rw_noPresel,seed,EB,R9_0p55to0p85,0.0,1.444,90.0,999999.0,bwDscbCms,0.97763,0.00117,0.00184
etaR9rw_noPresel,seed,EB,R9_0p55to0p85,0.0,1.444,90.0,999999.0,bwDscbExp,0.97691,0.00318,0.00122
etaR9rw_noPresel,seed,EB,R9gt0p85,0.0,1.444,0.0,35.0,bwDscbCms,0.87257,0.001,0.001
etaR9rw_noPresel,seed,EB,R9gt0p85,0.0,1.444,0.0,35.0,bwDscbExp,0.85608,0.001,0.001
etaR9rw_noPresel,seed,EB,R9gt0p85,0.0,1.444,35.0,37.0,bwDscbCms,0.91747,0.001,0.001
etaR9rw_noPresel,seed,EB,R9gt0p85,0.0,1.444,35.0,37.0,bwDscbExp,0.91682,0.001,0.001
etaR9rw_noPresel,seed,EB,R9gt0p85,0.0,1.444,37.0,40.0,bwDscbCms,0.92714,0.001,0.001
etaR9rw_noPresel,seed,EB,R9gt0p85,0.0,1.444,37.0,40.0,bwDscbExp,0.92714,0.001,0.001
etaR9rw_noPresel,seed,EB,R9gt0p85,0.0,1.444,40.0,45.0,bwDscbCms,0.9373,0.001,0.001
etaR9rw_noPresel,seed,EB,R9gt0p85,0.0,1.444,40.0,45.0,bwDscbExp,0.9373,0.001,0.001
etaR9rw_noPresel,seed,EB,R9gt0p85,0.0,1.444,45.0,50.0,bwDscbCms,0.9448,0.001,0.001
etaR9rw_noPresel,seed,EB,R9gt0p85,0.0,1.444,45.0,50.0,bwDscbExp,0.94438,0.001,0.001
etaR9rw_noPresel,seed,EB,R9gt0p85,0.0,1.444,50.0,60.0,bwDscbCms,0.95042,0.001,0.001
etaR9rw_noPresel,seed,EB,R9gt0p85,0.0,1.444,50.0,60.0,bwDscbExp,0.95003,0.001,0.001
etaR9rw_noPresel,seed,EB,R9gt0p85,0.0,1.444,60.0,70.0,bwDscbCms,0.95352,0.001,0.001
etaR9rw_noPresel,seed,EB,R9gt0p85,0.0,1.444,60.0,70.0,bwDscbExp,0.95575,0.001,0.001
etaR9rw_noPresel,seed,EB,R9gt0p85,0.0,1.444,70.0,90.0,bwDscbCms,0.97273,0.00113,0.00172
etaR9rw_noPresel,seed,EB,R9gt0p85,0.0,1.444,70.0,90.0,bwDscbExp,0.9713,0.001,0.001
etaR9rw_noPresel,seed,EB,R9gt0p85,0.0,1.444,90.0,999999.0,bwDscbCms,0.98017,0.001,0.001
etaR9rw_noPresel,seed,EB,R9gt0p85,0.0,1.444,90.0,999999.0,bwDscbExp,0.98122,0.001,0.001
etaR9rw_noPresel,seed,EE,R9_0p90to0p93,1.566,2.5,0.0,35.0,bwDscbCms,0.83493,0.00514,0.00502
etaR9rw_noPresel,seed,EE,R9_0p90to0p93,1.566,2.5,0.0,35.0,bwDscbExp,0.81521,0.00154,0.00152
etaR9rw_noPresel,seed,EE,R9_0p90to0p93,1.566,2.5,35.0,37.0,bwDscbCms,0.90953,0.00295,0.00316
etaR9rw_noPresel,seed,EE,R9_0p90to0p93,1.566,2.5,35.0,37.0,bwDscbExp,0.90147,0.00141,0.00142
etaR9rw_noPresel,seed,EE,R9_0p90to0p93,1.566,2.5,37.0,40.0,bwDscbCms,0.9161,0.00101,0.00109
etaR9rw_noPresel,seed,EE,R9_0p90to0p93,1.566,2.5,37.0,40.0,bwDscbExp,0.91594,0.001,0.001
etaR9rw_noPresel,seed,EE,R9_0p90to0p93,1.566,2.5,40.0,45.0,bwDscbCms,0.93279,0.001,0.001
etaR9rw_noPresel,seed,EE,R9_0p90to0p93,1.566,2.5,40.0,45.0,bwDscbExp,0.93245,0.001,0.001
etaR9rw_noPresel,seed,EE,R9_0p90to0p93,1.566,2.5,45.0,50.0,bwDscbCms,0.94334,0.001,0.001
etaR9rw_noPresel,seed,EE,R9_0p90to0p93,1.566,2.5,45.0,50.0,bwDscbExp,0.94319,0.001,0.001
etaR9rw_noPresel,seed,EE,R9_0p90to0p93,1.566,2.5,50.0,60.0,bwDscbCms,0.94045,0.00504,0.00276
etaR9rw_noPresel,seed,EE,R9_0p90to0p93,1.566,2.5,50.0,60.0,bwDscbExp,0.94788,0.00132,0.00145
etaR9rw_noPresel,seed,EE,R9_0p90to0p93,1.566,2.5,60.0,70.0,bwDscbCms,0.9503,0.00494,0.00708
etaR9rw_noPresel,seed,EE,R9_0p90to0p93,1.566,2.5,60.0,70.0,bwDscbExp,0.95682,0.00485,0.00495
etaR9rw_noPresel,seed,EE,R9_0p90to0p93,1.566,2.5,70.0,90.0,bwDscbCms,0.97174,0.0093,0.0052
etaR9rw_noPresel,seed,EE,R9_0p90to0p93,1.566,2.5,70.0,90.0,bwDscbExp,0.96764,0.00673,0.00399
etaR9rw_noPresel,seed,EE,R9_0p90to0p93,1.566,2.5,90.0,999999.0,bwDscbCms,0.9751,0.00229,0.00341
etaR9rw_noPresel,seed,EE,R9_0p90to0p93,1.566,2.5,90.0,999999.0,bwDscbExp,0.97525,0.00336,0.00327
etaR9rw_noPresel,seed,EE,R9gt0p93,1.566,2.5,0.0,35.0,bwDscbCms,0.89715,0.00109,0.00106
etaR9rw_noPresel,seed,EE,R9gt0p93,1.566,2.5,0.0,35.0,bwDscbExp,0.87165,0.001,0.001
etaR9rw_noPresel,seed,EE,R9gt0p93,1.566,2.5,35.0,37.0,bwDscbCms,0.94191,0.001,0.001
etaR9rw_noPresel,seed,EE,R9gt0p93,1.566,2.5,35.0,37.0,bwDscbExp,0.93547,0.001,0.001
etaR9rw_noPresel,seed,EE,R9gt0p93,1.566,2.5,37.0,40.0,bwDscbCms,0.94636,0.001,0.001
etaR9rw_noPresel,seed,EE,R9gt0p93,1.566,2.5,37.0,40.0,bwDscbExp,0.94612,0.001,0.001
etaR9rw_noPresel,seed,EE,R9gt0p93,1.566,2.5,40.0,45.0,bwDscbCms,0.95809,0.001,0.001
etaR9rw_noPresel,seed,EE,R9gt0p93,1.566,2.5,40.0,45.0,bwDscbExp,0.95731,0.001,0.001
etaR9rw_noPresel,seed,EE,R9gt0p93,1.566,2.5,45.0,50.0,bwDscbCms,0.96348,0.001,0.001
etaR9rw_noPresel,seed,EE,R9gt0p93,1.566,2.5,45.0,50.0,bwDscbExp,0.96314,0.001,0.001
etaR9rw_noPresel,seed,EE,R9gt0p93,1.566,2.5,50.0,60.0,bwDscbCms,0.96563,0.002,0.001
etaR9rw_noPresel,seed,EE,R9gt0p93,1.566,2.5,50.0,60.0,bwDscbExp,0.9652,0.001,0.001
etaR9rw_noPresel,seed,EE,R9gt0p93,1.566,2.5,60.0,70.0,bwDscbCms,0.97353,0.00368,0.00368
etaR9rw_noPresel,seed,EE,R9gt0p93,1.566,2.5,60.0,70.0,bwDscbExp,0.97431,0.001,0.001
etaR9rw_noPresel,seed,EE,R9gt0p93,1.566,2.5,70.0,90.0,bwDscbCms,0.97918,0.00151,0.00152
etaR9rw_noPresel,seed,EE,R9gt0p93,1.566,2.5,70.0,90.0,bwDscbExp,0.97964,0.00118,0.00101
etaR9rw_noPresel,seed,EE,R9gt0p93,1.566,2.5,90.0,999999.0,bwDscbCms,0.98361,0.00184,0.0015
etaR9rw_noPresel,seed,EE,R9gt0p93,1.566,2.5,90.0,999999.0,bwDscbExp,0.98349,0.00307,0.00112
etaR9rw_noPresel,unseed,EB,R9_0p50to0p55,0.0,1.444,0.0,21.0,bwDscbCms,0.7162,0.00895,0.02428
etaR9rw_noPresel,unseed,EB,R9_0p50to0p55,0.0,1.444,0.0,21.0,bwDscbExp,0.69903,0.00484,0.0051
etaR9rw_noPresel,unseed,EB,R9_0p50to0p55,0.0,1.444,21.0,25.0,bwDscbCms,0.85185,0.0013,0.01693
etaR9rw_noPresel,unseed,EB,R9_0p50to0p55,0.0,1.444,21.0,25.0,bwDscbExp,0.88318,0.01049,0.01076
etaR9rw_noPresel,unseed,EB,R9_0p50to0p55,0.0,1.444,25.0,28.0,bwDscbCms,0.90278,0.00496,0.00496
etaR9rw_noPresel,unseed,EB,R9_0p50to0p55,0.0,1.444,25.0,28.0,bwDscbExp,0.89114,0.00193,0.00547
etaR9rw_noPresel,unseed,EB,R9_0p50to0p55,0.0,1.444,28.0,31.0,bwDscbCms,0.92105,0.00583,0.00724
etaR9rw_noPresel,unseed,EB,R9_0p50to0p55,0.0,1.444,28.0,31.0,bwDscbExp,0.90912,0.001,0.001
etaR9rw_noPresel,unseed,EB,R9_0p50to0p55,0.0,1.444,31.0,35.0,bwDscbCms,0.93772,0.00309,0.00801
etaR9rw_noPresel,unseed,EB,R9_0p50to0p55,0.0,1.444,31.0,35.0,bwDscbExp,0.92343,0.001,0.001
etaR9rw_noPresel,unseed,EB,R9_0p50to0p55,0.0,1.444,35.0,40.0,bwDscbCms,0.93862,0.001,0.001
etaR9rw_noPresel,unseed,EB,R9_0p50to0p55,0.0,1.444,35.0,40.0,bwDscbExp,0.93824,0.001,0.001
etaR9rw_noPresel,unseed,EB,R9_0p50to0p55,0.0,1.444,40.0,45.0,bwDscbCms,0.94943,0.001,0.001
etaR9rw_noPresel,unseed,EB,R9_0p50to0p55,0.0,1.444,40.0,45.0,bwDscbExp,0.94854,0.001,0.001
etaR9rw_noPresel,unseed,EB,R9_0p50to0p55,0.0,1.444,45.0,50.0,bwDscbCms,0.95204,0.001,0.00106
etaR9rw_noPresel,unseed,EB,R9_0p50to0p55,0.0,1.444,45.0,50.0,bwDscbExp,0.95199,0.001,0.001
etaR9rw_noPresel,unseed,EB,R9_0p50to0p55,0.0,1.444,50.0,60.0,bwDscbCms,0.94445,0.0019,0.00296
etaR9rw_noPresel,unseed,EB,R9_0p50to0p55,0.0,1.444,50.0,60.0,bwDscbExp,0.94589,0.00152,0.00179
etaR9rw_noPresel,unseed,EB,R9_0p50to0p55,0.0,1.444,60.0,70.0,bwDscbCms,0.95152,0.01287,0.0157
etaR9rw_noPresel,unseed,EB,R9_0p50to0p55,0.0,1.444,60.0,70.0,bwDscbExp,0.94718,0.00301,0.00901
etaR9rw_noPresel,unseed,EB,R9_0p50to0p55,0.0,1.444,70.0,90.0,bwDscbCms,0.9526,0.00663,0.00583
etaR9rw_noPresel,unseed,EB,R9_0p50to0p55,0.0,1.444,70.0,90.0,bwDscbExp,0.95309,0.0061,0.00784
etaR9rw_noPresel,unseed,EB,R9_0p50to0p55,0.0,1.444,90.0,999999.0,bwDscbCms,0.94505,0.01415,0.01441
etaR9rw_noPresel,unseed,EB,R9_0p50to0p55,0.0,1.444,90.0,999999.0,bwDscbExp,0.94208,0.01645,0.0165
etaR9rw_noPresel,unseed,EB,R9_0p55to0p85,0.0,1.444,0.0,21.0,bwDscbCms,0.81302,0.00166,0.00165
etaR9rw_noPresel,unseed,EB,R9_0p55to0p85,0.0,1.444,0.0,21.0,bwDscbExp,0.8303,0.00243,0.00169
etaR9rw_noPresel,unseed,EB,R9_0p55to0p85,0.0,1.444,21.0,25.0,bwDscbCms,0.91013,0.001,0.001
etaR9rw_noPresel,unseed,EB,R9_0p55to0p85,0.0,1.444,21.0,25.0,bwDscbExp,0.91603,0.00155,0.00128
etaR9rw_noPresel,unseed,EB,R9_0p55to0p85,0.0,1.444,25.0,28.0,bwDscbCms,0.94834,0.00166,0.00162
etaR9rw_noPresel,unseed,EB,R9_0p55to0p85,0.0,1.444,25.0,28.0,bwDscbExp,0.9302,0.001,0.001
etaR9rw_noPresel,unseed,EB,R9_0p55to0p85,0.0,1.444,28.0,31.0,bwDscbCms,0.95625,0.00153,0.00154
etaR9rw_noPresel,unseed,EB,R9_0p55to0p85,0.0,1.444,28.0,31.0,bwDscbExp,0.94317,0.001,0.001
etaR9rw_noPresel,unseed,EB,R9_0p55to0p85,0.0,1.444,31.0,35.0,bwDscbCms,0.9663,0.001,0.001
etaR9rw_noPresel,unseed,EB,R9_0p55to0p85,0.0,1.444,31.0,35.0,bwDscbExp,0.95483,0.001,0.001
etaR9rw_noPresel,unseed,EB,R9_0p55to0p85,0.0,1.444,35.0,40.0,bwDscbCms,0.96524,0.001,0.001
etaR9rw_noPresel,unseed,EB,R9_0p55to0p85,0.0,1.444,35.0,40.0,bwDscbExp,0.96515,0.001,0.001
etaR9rw_noPresel,unseed,EB,R9_0p55to0p85,0.0,1.444,40.0,45.0,bwDscbCms,0.97139,0.001,0.001
etaR9rw_noPresel,unseed,EB,R9_0p55to0p85,0.0,1.444,40.0,45.0,bwDscbExp,0.97122,0.001,0.001
etaR9rw_noPresel,unseed,EB,R9_0p55to0p85,0.0,1.444,45.0,50.0,bwDscbCms,0.97139,0.001,0.001
etaR9rw_noPresel,unseed,EB,R9_0p55to0p85,0.0,1.444,45.0,50.0,bwDscbExp,0.97099,0.001,0.001
etaR9rw_noPresel,unseed,EB,R9_0p55to0p85,0.0,1.444,50.0,60.0,bwDscbCms,0.96408,0.001,0.001
etaR9rw_noPresel,unseed,EB,R9_0p55to0p85,0.0,1.444,50.0,60.0,bwDscbExp,0.96784,0.001,0.001
etaR9rw_noPresel,unseed,EB,R9_0p55to0p85,0.0,1.444,60.0,70.0,bwDscbCms,0.9635,0.001,0.001
etaR9rw_noPresel,unseed,EB,R9_0p55to0p85,0.0,1.444,60.0,70.0,bwDscbExp,0.96499,0.001,0.001
etaR9rw_noPresel,unseed,EB,R9_0p55to0p85,0.0,1.444,70.0,90.0,bwDscbCms,0.97548,0.0013,0.00129
etaR9rw_noPresel,unseed,EB,R9_0p55to0p85,0.0,1.444,70.0,90.0,bwDscbExp,0.97304,0.00113,0.00661
etaR9rw_noPresel,unseed,EB,R9_0p55to0p85,0.0,1.444,90.0,999999.0,bwDscbCms,0.97722,0.001,0.001
etaR9rw_noPresel,unseed,EB,R9_0p55to0p85,0.0,1.444,90.0,999999.0,bwDscbExp,0.97969,0.00254,0.00254
etaR9rw_noPresel,unseed,EB,R9gt0p85,0.0,1.444,0.0,21.0,bwDscbCms,0.88686,0.00196,0.001
etaR9rw_noPresel,unseed,EB,R9gt0p85,0.0,1.444,0.0,21.0,bwDscbExp,0.81732,0.001,0.00102
etaR9rw_noPresel,unseed,EB,R9gt0p85,0.0,1.444,21.0,25.0,bwDscbCms,0.90348,0.001,0.001
etaR9rw_noPresel,unseed,EB,R9gt0p85,0.0,1.444,21.0,25.0,bwDscbExp,0.92815,0.001,0.001
etaR9rw_noPresel,unseed,EB,R9gt0p85,0.0,1.444,25.0,28.0,bwDscbCms,0.94947,0.001,0.001
etaR9rw_noPresel,unseed,EB,R9gt0p85,0.0,1.444,25.0,28.0,bwDscbExp,0.93375,0.001,0.001
etaR9rw_noPresel,unseed,EB,R9gt0p85,0.0,1.444,28.0,31.0,bwDscbCms,0.96026,0.001,0.001
etaR9rw_noPresel,unseed,EB,R9gt0p85,0.0,1.444,28.0,31.0,bwDscbExp,0.94773,0.001,0.001
etaR9rw_noPresel,unseed,EB,R9gt0p85,0.0,1.444,31.0,35.0,bwDscbCms,0.96518,0.001,0.001
etaR9rw_noPresel,unseed,EB,R9gt0p85,0.0,1.444,31.0,35.0,bwDscbExp,0.95865,0.001,0.001
etaR9rw_noPresel,unseed,EB,R9gt0p85,0.0,1.444,35.0,40.0,bwDscbCms,0.97029,0.001,0.001
etaR9rw_noPresel,unseed,EB,R9gt0p85,0.0,1.444,35.0,40.0,bwDscbExp,0.96852,0.001,0.001
etaR9rw_noPresel,unseed,EB,R9gt0p85,0.0,1.444,40.0,45.0,bwDscbCms,0.97466,0.001,0.001
etaR9rw_noPresel,unseed,EB,R9gt0p85,0.0,1.444,40.0,45.0,bwDscbExp,0.9745,0.001,0.001
etaR9rw_noPresel,unseed,EB,R9gt0p85,0.0,1.444,45.0,50.0,bwDscbCms,0.97572,0.001,0.001
etaR9rw_noPresel,unseed,EB,R9gt0p85,0.0,1.444,45.0,50.0,bwDscbExp,0.97531,0.001,0.001
etaR9rw_noPresel,unseed,EB,R9gt0p85,0.0,1.444,50.0,60.0,bwDscbCms,0.97476,0.001,0.001
etaR9rw_noPresel,unseed,EB,R9gt0p85,0.0,1.444,50.0,60.0,bwDscbExp,0.97425,0.001,0.001
etaR9rw_noPresel,unseed,EB,R9gt0p85,0.0,1.444,60.0,70.0,bwDscbCms,0.97212,0.001,0.001
etaR9rw_noPresel,unseed,EB,R9gt0p85,0.0,1.444,60.0,70.0,bwDscbExp,0.97346,0.001,0.001
etaR9rw_noPresel,unseed,EB,R9gt0p85,0.0,1.444,70.0,90.0,bwDscbCms,0.98211,0.001,0.00463
etaR9rw_noPresel,unseed,EB,R9gt0p85,0.0,1.444,70.0,90.0,bwDscbExp,0.98129,0.001,0.001
etaR9rw_noPresel,unseed,EB,R9gt0p85,0.0,1.444,90.0,999999.0,bwDscbCms,0.98336,0.001,0.001
etaR9rw_noPresel,unseed,EB,R9gt0p85,0.0,1.444,90.0,999999.0,bwDscbExp,0.98474,0.001,0.001
etaR9rw_noPresel,unseed,EE,R9_0p90to0p93,1.566,2.5,0.0,21.0,bwDscbCms,0.79487,0.01192,0.00806
etaR9rw_noPresel,unseed,EE,R9_0p90to0p93,1.566,2.5,0.0,21.0,bwDscbExp,0.75118,0.01517,0.00926
etaR9rw_noPresel,unseed,EE,R9_0p90to0p93,1.566,2.5,21.0,25.0,bwDscbCms,0.8521,0.01398,0.00953
etaR9rw_noPresel,unseed,EE,R9_0p90to0p93,1.566,2.5,21.0,25.0,bwDscbExp,0.8402,0.03104,0.0122
etaR9rw_noPresel,unseed,EE,R9_0p90to0p93,1.566,2.5,25.0,28.0,bwDscbCms,0.89358,0.01446,0.01045
etaR9rw_noPresel,unseed,EE,R9_0p90to0p93,1.566,2.5,25.0,28.0,bwDscbExp,0.84845,0.00472,0.00792
etaR9rw_noPresel,unseed,EE,R9_0p90to0p93,1.566,2.5,28.0,31.0,bwDscbCms,0.89908,0.00844,0.008
etaR9rw_noPresel,unseed,EE,R9_0p90to0p93,1.566,2.5,28.0,31.0,bwDscbExp,0.88696,0.00926,0.00164
etaR9rw_noPresel,unseed,EE,R9_0p90to0p93,1.566,2.5,31.0,35.0,bwDscbCms,0.91915,0.00307,0.00348
etaR9rw_noPresel,unseed,EE,R9_0p90to0p93,1.566,2.5,31.0,35.0,bwDscbExp,0.91302,0.001,0.001
etaR9rw_noPresel,unseed,EE,R9_0p90to0p93,1.566,2.5,35.0,40.0,bwDscbCms,0.9335,0.001,0.0016
etaR9rw_noPresel,unseed,EE,R9_0p90to0p93,1.566,2.5,35.0,40.0,bwDscbExp,0.93313,0.001,0.001
etaR9rw_noPresel,unseed,EE,R9_0p90to0p93,1.566,2.5,40.0,45.0,bwDscbCms,0.94764,0.00113,0.001
etaR9rw_noPresel,unseed,EE,R9_0p90to0p93,1.566,2.5,40.0,45.0,bwDscbExp,0.94677,0.001,0.001
etaR9rw_noPresel,unseed,EE,R9_0p90to0p93,1.566,2.5,45.0,50.0,bwDscbCms,0.95149,0.001,0.001
etaR9rw_noPresel,unseed,EE,R9_0p90to0p93,1.566,2.5,45.0,50.0,bwDscbExp,0.95107,0.00123,0.001
etaR9rw_noPresel,unseed,EE,R9_0p90to0p93,1.566,2.5,50.0,60.0,bwDscbCms,0.94878,0.00655,0.00303
etaR9rw_noPresel,unseed,EE,R9_0p90to0p93,1.566,2.5,50.0,60.0,bwDscbExp,0.95477,0.001,0.001
etaR9rw_noPresel,unseed,EE,R9_0p90to0p93,1.566,2.5,60.0,70.0,bwDscbCms,0.95251,0.00276,0.00327
etaR9rw_noPresel,unseed,EE,R9_0p90to0p93,1.566,2.5,60.0,70.0,bwDscbExp,0.95972,0.00243,0.00644
etaR9rw_noPresel,unseed,EE,R9_0p90to0p93,1.566,2.5,70.0,90.0,bwDscbCms,0.97563,0.01,0.00411
etaR9rw_noPresel,unseed,EE,R9_0p90to0p93,1.566,2.5,70.0,90.0,bwDscbExp,0.96748,0.00806,0.00469
etaR9rw_noPresel,unseed,EE,R9_0p90to0p93,1.566,2.5,90.0,999999.0,bwDscbCms,0.97361,0.00382,0.00385
etaR9rw_noPresel,unseed,EE,R9_0p90to0p93,1.566,2.5,90.0,999999.0,bwDscbExp,0.97323,0.00382,0.00296
etaR9rw_noPresel,unseed,EE,R9gt0p93,1.566,2.5,0.0,21.0,bwDscbCms,0.72596,0.00141,0.001
etaR9rw_noPresel,unseed,EE,R9gt0p93,1.566,2.5,0.0,21.0,bwDscbExp,0.79986,0.00221,0.00216
etaR9rw_noPresel,unseed,EE,R9gt0p93,1.566,2.5,21.0,25.0,bwDscbCms,0.89257,0.00284,0.00402
etaR9rw_noPresel,unseed,EE,R9gt0p93,1.566,2.5,21.0,25.0,bwDscbExp,0.88054,0.00371,0.00138
etaR9rw_noPresel,unseed,EE,R9gt0p93,1.566,2.5,25.0,28.0,bwDscbCms,0.90356,0.001,0.00125
etaR9rw_noPresel,unseed,EE,R9gt0p93,1.566,2.5,25.0,28.0,bwDscbExp,0.90301,0.00162,0.00142
etaR9rw_noPresel,unseed,EE,R9gt0p93,1.566,2.5,28.0,31.0,bwDscbCms,0.94812,0.00125,0.00121
etaR9rw_noPresel,unseed,EE,R9gt0p93,1.566,2.5,28.0,31.0,bwDscbExp,0.92653,0.001,0.001
etaR9rw_noPresel,unseed,EE,R9gt0p93,1.566,2.5,31.0,35.0,bwDscbCms,0.95688,0.001,0.001
etaR9rw_noPresel,unseed,EE,R9gt0p93,1.566,2.5,31.0,35.0,bwDscbExp,0.94697,0.001,0.001
etaR9rw_noPresel,unseed,EE,R9gt0p93,1.566,2.5,35.0,40.0,bwDscbCms,0.96371,0.001,0.001
etaR9rw_noPresel,unseed,EE,R9gt0p93,1.566,2.5,35.0,40.0,bwDscbExp,0.96341,0.001,0.001
etaR9rw_noPresel,unseed,EE,R9gt0p93,1.566,2.5,40.0,45.0,bwDscbCms,0.97464,0.001,0.001
etaR9rw_noPresel,unseed,EE,R9gt0p93,1.566,2.5,40.0,45.0,bwDscbExp,0.97388,0.001,0.001
etaR9rw_noPresel,unseed,EE,R9gt0p93,1.566,2.5,45.0,50.0,bwDscbCms,0.97885,0.001,0.001
etaR9rw_noPresel,unseed,EE,R9gt0p93,1.566,2.5,45.0,50.0,bwDscbExp,0.97804,0.001,0.001
etaR9rw_noPresel,unseed,EE,R9gt0p93,1.566,2.5,50.0,60.0,bwDscbCms,0.98177,0.001,0.001
etaR9rw_noPresel,unseed,EE,R9gt0p93,1.566,2.5,50.0,60.0,bwDscbExp,0.98178,0.001,0.001
etaR9rw_noPresel,unseed,EE,R9gt0p93,1.566,2.5,60.0,70.0,bwDscbCms,0.98593,0.0034,0.001
etaR9rw_noPresel,unseed,EE,R9gt0p93,1.566,2.5,60.0,70.0,bwDscbExp,0.98499,0.001,0.00181
etaR9rw_noPresel,unseed,EE,R9gt0p93,1.566,2.5,70.0,90.0,bwDscbCms,0.98365,0.001,0.00139
etaR9rw_noPresel,unseed,EE,R9gt0p93,1.566,2.5,70.0,90.0,bwDscbExp,0.98875,0.00144,0.00112
etaR9rw_noPresel,unseed,EE,R9gt0p93,1.566,2.5,90.0,999999.0,bwDscbCms,0.99017,0.001,0.001
etaR9rw_noPresel,unseed,EE,R9gt0p93,1.566,2.5,90.0,999999.0,bwDscbExp,0.99071,0.001,0.001
etaR9rw_withPresel,seed,EB,R9_0p50to0p55,0.0,1.444,0.0,35.0,bwDscbCms,0.81781,0.00458,0.0045
etaR9rw_withPresel,seed,EB,R9_0p50to0p55,0.0,1.444,0.0,35.0,bwDscbExp,0.80023,0.00121,0.00123
etaR9rw_withPresel,seed,EB,R9_0p50to0p55,0.0,1.444,35.0,37.0,bwDscbCms,0.88904,0.00139,0.0014
etaR9rw_withPresel,seed,EB,R9_0p50to0p55,0.0,1.444,35.0,37.0,bwDscbExp,0.88887,0.00132,0.00131
etaR9rw_withPresel,seed,EB,R9_0p50to0p55,0.0,1.444,37.0,40.0,bwDscbCms,0.90548,0.001,0.001
etaR9rw_withPresel,seed,EB,R9_0p50to0p55,0.0,1.444,37.0,40.0,bwDscbExp,0.90528,0.001,0.001
etaR9rw_withPresel,seed,EB,R9_0p50to0p55,0.0,1.444,40.0,45.0,bwDscbCms,0.91629,0.001,0.001
etaR9rw_withPresel,seed,EB,R9_0p50to0p55,0.0,1.444,40.0,45.0,bwDscbExp,0.91566,0.001,0.001
etaR9rw_withPresel,seed,EB,R9_0p50to0p55,0.0,1.444,45.0,50.0,bwDscbCms,0.92205,0.00121,0.00124
etaR9rw_withPresel,seed,EB,R9_0p50to0p55,0.0,1.444,45.0,50.0,bwDscbExp,0.92082,0.001,0.001
etaR9rw_withPresel,seed,EB,R9_0p50to0p55,0.0,1.444,50.0,60.0,bwDscbCms,0.91676,0.0051,0.00509
etaR9rw_withPresel,seed,EB,R9_0p50to0p55,0.0,1.444,50.0,60.0,bwDscbExp,0.91945,0.0016,0.00158
etaR9rw_withPresel,seed,EB,R9_0p50to0p55,0.0,1.444,60.0,70.0,bwDscbCms,0.93587,0.01661,0.00718
etaR9rw_withPresel,seed,EB,R9_0p50to0p55,0.0,1.444,60.0,70.0,bwDscbExp,0.92497,0.01231,0.00619
etaR9rw_withPresel,seed,EB,R9_0p50to0p55,0.0,1.444,70.0,90.0,bwDscbCms,0.93525,0.00995,0.00729
etaR9rw_withPresel,seed,EB,R9_0p50to0p55,0.0,1.444,70.0,90.0,bwDscbExp,0.93611,0.00741,0.00743
etaR9rw_withPresel,seed,EB,R9_0p50to0p55,0.0,1.444,90.0,999999.0,bwDscbCms,0.94995,0.01453,0.01473
etaR9rw_withPresel,seed,EB,R9_0p50to0p55,0.0,1.444,90.0,999999.0,bwDscbExp,0.94493,0.01737,0.0174
etaR9rw_withPresel,seed,EB,R9_0p55to0p85,0.0,1.444,0.0,35.0,bwDscbCms,0.86684,0.001,0.001
etaR9rw_withPresel,seed,EB,R9_0p55to0p85,0.0,1.444,0.0,35.0,bwDscbExp,0.84976,0.001,0.001
etaR9rw_withPresel,seed,EB,R9_0p55to0p85,0.0,1.444,35.0,37.0,bwDscbCms,0.93477,0.00308,0.00308
etaR9rw_withPresel,seed,EB,R9_0p55to0p85,0.0,1.444,35.0,37.0,bwDscbExp,0.92863,0.001,0.001
etaR9rw_withPresel,seed,EB,R9_0p55to0p85,0.0,1.444,37.0,40.0,bwDscbCms,0.93943,0.001,0.001
etaR9rw_withPresel,seed,EB,R9_0p55to0p85,0.0,1.444,37.0,40.0,bwDscbExp,0.93943,0.001,0.001
etaR9rw_withPresel,seed,EB,R9_0p55to0p85,0.0,1.444,40.0,45.0,bwDscbCms,0.94711,0.001,0.001
etaR9rw_withPresel,seed,EB,R9_0p55to0p85,0.0,1.444,40.0,45.0,bwDscbExp,0.94701,0.001,0.001
etaR9rw_withPresel,seed,EB,R9_0p55to0p85,0.0,1.444,45.0,50.0,bwDscbCms,0.94945,0.001,0.001
etaR9rw_withPresel,seed,EB,R9_0p55to0p85,0.0,1.444,45.0,50.0,bwDscbExp,0.94897,0.001,0.001
etaR9rw_withPresel,seed,EB,R9_0p55to0p85,0.0,1.444,50.0,60.0,bwDscbCms,0.94659,0.001,0.001
etaR9rw_withPresel,seed,EB,R9_0p55to0p85,0.0,1.444,50.0,60.0,bwDscbExp,0.94808,0.001,0.001
etaR9rw_withPresel,seed,EB,R9_0p55to0p85,0.0,1.444,60.0,70.0,bwDscbCms,0.94897,0.001,0.001
etaR9rw_withPresel,seed,EB,R9_0p55to0p85,0.0,1.444,60.0,70.0,bwDscbExp,0.95233,0.00412,0.0021
etaR9rw_withPresel,seed,EB,R9_0p55to0p85,0.0,1.444,70.0,90.0,bwDscbCms,0.96594,0.00244,0.00454
etaR9rw_withPresel,seed,EB,R9_0p55to0p85,0.0,1.444,70.0,90.0,bwDscbExp,0.96418,0.0019,0.00196
etaR9rw_withPresel,seed,EB,R9_0p55to0p85,0.0,1.444,90.0,999999.0,bwDscbCms,0.9772,0.00323,0.001
etaR9rw_withPresel,seed,EB,R9_0p55to0p85,0.0,1.444,90.0,999999.0,bwDscbExp,0.97695,0.00279,0.00171
etaR9rw_withPresel,seed,EB,R9gt0p85,0.0,1.444,0.0,35.0,bwDscbCms,0.87377,0.001,0.001
etaR9rw_withPresel,seed,EB,R9gt0p85,0.0,1.444,0.0,35.0,bwDscbExp,0.85648,0.001,0.001
etaR9rw_withPresel,seed,EB,R9gt0p85,0.0,1.444,35.0,37.0,bwDscbCms,0.91756,0.001,0.001
etaR9rw_withPresel,seed,EB,R9gt0p85,0.0,1.444,35.0,37.0,bwDscbExp,0.91695,0.001,0.001
etaR9rw_withPresel,seed,EB,R9gt0p85,0.0,1.444,37.0,40.0,bwDscbCms,0.92717,0.001,0.001
etaR9rw_withPresel,seed,EB,R9gt0p85,0.0,1.444,37.0,40.0,bwDscbExp,0.92717,0.001,0.001
etaR9rw_withPresel,seed,EB,R9gt0p85,0.0,1.444,40.0,45.0,bwDscbCms,0.93733,0.001,0.001
etaR9rw_withPresel,seed,EB,R9gt0p85,0.0,1.444,40.0,45.0,bwDscbExp,0.93733,0.001,0.001
etaR9rw_withPresel,seed,EB,R9gt0p85,0.0,1.444,45.0,50.0,bwDscbCms,0.94482,0.001,0.001
etaR9rw_withPresel,seed,EB,R9gt0p85,0.0,1.444,45.0,50.0,bwDscbExp,0.9444,0.001,0.001
etaR9rw_withPresel,seed,EB,R9gt0p85,0.0,1.444,50.0,60.0,bwDscbCms,0.95047,0.001,0.001
etaR9rw_withPresel,seed,EB,R9gt0p85,0.0,1.444,50.0,60.0,bwDscbExp,0.95002,0.001,0.001
etaR9rw_withPresel,seed,EB,R9gt0p85,0.0,1.444,60.0,70.0,bwDscbCms,0.95355,0.00159,0.0016
etaR9rw_withPresel,seed,EB,R9gt0p85,0.0,1.444,60.0,70.0,bwDscbExp,0.95577,0.001,0.001
etaR9rw_withPresel,seed,EB,R9gt0p85,0.0,1.444,70.0,90.0,bwDscbCms,0.9728,0.00116,0.00173
etaR9rw_withPresel,seed,EB,R9gt0p85,0.0,1.444,70.0,90.0,bwDscbExp,0.97136,0.001,0.001
etaR9rw_withPresel,seed,EB,R9gt0p85,0.0,1.444,90.0,999999.0,bwDscbCms,0.98006,0.001,0.001
etaR9rw_withPresel,seed,EB,R9gt0p85,0.0,1.444,90.0,999999.0,bwDscbExp,0.98085,0.001,0.001
etaR9rw_withPresel,seed,EE,R9_0p90to0p93,1.566,2.5,0.0,35.0,bwDscbCms,0.83646,0.00529,0.00515
etaR9rw_withPresel,seed,EE,R9_0p90to0p93,1.566,2.5,0.0,35.0,bwDscbExp,0.81599,0.00159,0.00161
etaR9rw_withPresel,seed,EE,R9_0p90to0p93,1.566,2.5,35.0,37.0,bwDscbCms,0.91026,0.003,0.00321
etaR9rw_withPresel,seed,EE,R9_0p90to0p93,1.566,2.5,35.0,37.0,bwDscbExp,0.90254,0.00145,0.00145
etaR9rw_withPresel,seed,EE,R9_0p90to0p93,1.566,2.5,37.0,40.0,bwDscbCms,0.9168,0.00101,0.0011
etaR9rw_withPresel,seed,EE,R9_0p90to0p93,1.566,2.5,37.0,40.0,bwDscbExp,0.91662,0.001,0.001
etaR9rw_withPresel,seed,EE,R9_0p90to0p93,1.566,2.5,40.0,45.0,bwDscbCms,0.93342,0.001,0.001
etaR9rw_withPresel,seed,EE,R9_0p90to0p93,1.566,2.5,40.0,45.0,bwDscbExp,0.93309,0.001,0.001
etaR9rw_withPresel,seed,EE,R9_0p90to0p93,1.566,2.5,45.0,50.0,bwDscbCms,0.94384,0.00164,0.00105
etaR9rw_withPresel,seed,EE,R9_0p90to0p93,1.566,2.5,45.0,50.0,bwDscbExp,0.94371,0.001,0.00113
etaR9rw_withPresel,seed,EE,R9_0p90to0p93,1.566,2.5,50.0,60.0,bwDscbCms,0.94721,0.00529,0.00282
etaR9rw_withPresel,seed,EE,R9_0p90to0p93,1.566,2.5,50.0,60.0,bwDscbExp,0.94832,0.00132,0.00145
etaR9rw_withPresel,seed,EE,R9_0p90to0p93,1.566,2.5,60.0,70.0,bwDscbCms,0.9509,0.0055,0.00687
etaR9rw_withPresel,seed,EE,R9_0p90to0p93,1.566,2.5,60.0,70.0,bwDscbExp,0.95721,0.0048,0.00902
etaR9rw_withPresel,seed,EE,R9_0p90to0p93,1.566,2.5,70.0,90.0,bwDscbCms,0.97105,0.00166,0.00593
etaR9rw_withPresel,seed,EE,R9_0p90to0p93,1.566,2.5,70.0,90.0,bwDscbExp,0.96762,0.00588,0.00408
etaR9rw_withPresel,seed,EE,R9_0p90to0p93,1.566,2.5,90.0,999999.0,bwDscbCms,0.97528,0.00256,0.00345
etaR9rw_withPresel,seed,EE,R9_0p90to0p93,1.566,2.5,90.0,999999.0,bwDscbExp,0.97542,0.00401,0.00309
etaR9rw_withPresel,seed,EE,R9gt0p93,1.566,2.5,0.0,35.0,bwDscbCms,0.89779,0.0011,0.001
etaR9rw_withPresel,seed,EE,R9gt0p93,1.566,2.5,0.0,35.0,bwDscbExp,0.87263,0.001,0.001
etaR9rw_withPresel,seed,EE,R9gt0p93,1.566,2.5,35.0,37.0,bwDscbCms,0.93929,0.001,0.001
etaR9rw_withPresel,seed,EE,R9gt0p93,1.566,2.5,35.0,37.0,bwDscbExp,0.93585,0.001,0.001
etaR9rw_withPresel,seed,EE,R9gt0p93,1.566,2.5,37.0,40.0,bwDscbCms,0.94718,0.001,0.001
etaR9rw_withPresel,seed,EE,R9gt0p93,1.566,2.5,37.0,40.0,bwDscbExp,0.94648,0.001,0.001
etaR9rw_withPresel,seed,EE,R9gt0p93,1.566,2.5,40.0,45.0,bwDscbCms,0.95837,0.001,0.001
etaR9rw_withPresel,seed,EE,R9gt0p93,1.566,2.5,40.0,45.0,bwDscbExp,0.95759,0.001,0.001
etaR9rw_withPresel,seed,EE,R9gt0p93,1.566,2.5,45.0,50.0,bwDscbCms,0.96388,0.001,0.001
etaR9rw_withPresel,seed,EE,R9gt0p93,1.566,2.5,45.0,50.0,bwDscbExp,0.9634,0.001,0.001
etaR9rw_withPresel,seed,EE,R9gt0p93,1.566,2.5,50.0,60.0,bwDscbCms,0.96723,0.001,0.001
etaR9rw_withPresel,seed,EE,R9gt0p93,1.566,2.5,50.0,60.0,bwDscbExp,0.96541,0.001,0.00109
etaR9rw_withPresel,seed,EE,R9gt0p93,1.566,2.5,60.0,70.0,bwDscbCms,0.97557,0.00476,0.00476
etaR9rw_withPresel,seed,EE,R9gt0p93,1.566,2.5,60.0,70.0,bwDscbExp,0.97443,0.00133,0.0013
etaR9rw_withPresel,seed,EE,R9gt0p93,1.566,2.5,70.0,90.0,bwDscbCms,0.9793,0.00162,0.00153
etaR9rw_withPresel,seed,EE,R9gt0p93,1.566,2.5,70.0,90.0,bwDscbExp,0.97965,0.00119,0.00102
etaR9rw_withPresel,seed,EE,R9gt0p93,1.566,2.5,90.0,999999.0,bwDscbCms,0.98376,0.001,0.001
etaR9rw_withPresel,seed,EE,R9gt0p93,1.566,2.5,90.0,999999.0,bwDscbExp,0.98316,0.001,0.001
etaR9rw_withPresel,unseed,EB,R9_0p50to0p55,0.0,1.444,0.0,21.0,bwDscbCms,0.72041,0.01086,0.01785
etaR9rw_withPresel,unseed,EB,R9_0p50to0p55,0.0,1.444,0.0,21.0,bwDscbExp,0.75823,0.02162,0.0155
etaR9rw_withPresel,unseed,EB,R9_0p50to0p55,0.0,1.444,21.0,25.0,bwDscbCms,0.85207,0.00537,0.01896
etaR9rw_withPresel,unseed,EB,R9_0p50to0p55,0.0,1.444,21.0,25.0,bwDscbExp,0.88321,0.01071,0.00437
etaR9rw_withPresel,unseed,EB,R9_0p50to0p55,0.0,1.444,25.0,28.0,bwDscbCms,0.90275,0.00445,0.00918
etaR9rw_withPresel,unseed,EB,R9_0p50to0p55,0.0,1.444,25.0,28.0,bwDscbExp,0.89114,0.00202,0.00564
etaR9rw_withPresel,unseed,EB,R9_0p50to0p55,0.0,1.444,28.0,31.0,bwDscbCms,0.92055,0.00663,0.00673
etaR9rw_withPresel,unseed,EB,R9_0p50to0p55,0.0,1.444,28.0,31.0,bwDscbExp,0.90911,0.00131,0.00158
etaR9rw_withPresel,unseed,EB,R9_0p50to0p55,0.0,1.444,31.0,35.0,bwDscbCms,0.9378,0.00324,0.00893
etaR9rw_withPresel,unseed,EB,R9_0p50to0p55,0.0,1.444,31.0,35.0,bwDscbExp,0.92341,0.001,0.001
etaR9rw_withPresel,unseed,EB,R9_0p50to0p55,0.0,1.444,35.0,40.0,bwDscbCms,0.93859,0.001,0.001
etaR9rw_withPresel,unseed,EB,R9_0p50to0p55,0.0,1.444,35.0,40.0,bwDscbExp,0.93824,0.001,0.001
etaR9rw_withPresel,unseed,EB,R9_0p50to0p55,0.0,1.444,40.0,45.0,bwDscbCms,0.94941,0.001,0.001
etaR9rw_withPresel,unseed,EB,R9_0p50to0p55,0.0,1.444,40.0,45.0,bwDscbExp,0.94853,0.001,0.001
etaR9rw_withPresel,unseed,EB,R9_0p50to0p55,0.0,1.444,45.0,50.0,bwDscbCms,0.95304,0.00103,0.00111
etaR9rw_withPresel,unseed,EB,R9_0p50to0p55,0.0,1.444,45.0,50.0,bwDscbExp,0.95198,0.001,0.001
etaR9rw_withPresel,unseed,EB,R9_0p50to0p55,0.0,1.444,50.0,60.0,bwDscbCms,0.94445,0.00203,0.00378
etaR9rw_withPresel,unseed,EB,R9_0p50to0p55,0.0,1.444,50.0,60.0,bwDscbExp,0.94588,0.00157,0.00193
etaR9rw_withPresel,unseed,EB,R9_0p50to0p55,0.0,1.444,60.0,70.0,bwDscbCms,0.94091,0.01183,0.01437
etaR9rw_withPresel,unseed,EB,R9_0p50to0p55,0.0,1.444,60.0,70.0,bwDscbExp,0.94717,0.01524,0.00719
etaR9rw_withPresel,unseed,EB,R9_0p50to0p55,0.0,1.444,70.0,90.0,bwDscbCms,0.95265,0.00722,0.00692
etaR9rw_withPresel,unseed,EB,R9_0p50to0p55,0.0,1.444,70.0,90.0,bwDscbExp,0.95312,0.00671,0.00673
etaR9rw_withPresel,unseed,EB,R9_0p50to0p55,0.0,1.444,90.0,999999.0,bwDscbCms,0.94483,0.01537,0.01517
etaR9rw_withPresel,unseed,EB,R9_0p50to0p55,0.0,1.444,90.0,999999.0,bwDscbExp,0.94183,0.01768,0.01774
etaR9rw_withPresel,unseed,EB,R9_0p55to0p85,0.0,1.444,0.0,21.0,bwDscbCms,0.82963,0.00184,0.00177
etaR9rw_withPresel,unseed,EB,R9_0p55to0p85,0.0,1.444,0.0,21.0,bwDscbExp,0.83755,0.00171,0.00168
etaR9rw_withPresel,unseed,EB,R9_0p55to0p85,0.0,1.444,21.0,25.0,bwDscbCms,0.90819,0.0013,0.0013
etaR9rw_withPresel,unseed,EB,R9_0p55to0p85,0.0,1.444,21.0,25.0,bwDscbExp,0.91803,0.00158,0.00131
etaR9rw_withPresel,unseed,EB,R9_0p55to0p85,0.0,1.444,25.0,28.0,bwDscbCms,0.94656,0.00202,0.00174
etaR9rw_withPresel,unseed,EB,R9_0p55to0p85,0.0,1.444,25.0,28.0,bwDscbExp,0.93028,0.001,0.001
etaR9rw_withPresel,unseed,EB,R9_0p55to0p85,0.0,1.444,28.0,31.0,bwDscbCms,0.95632,0.00131,0.00142
etaR9rw_withPresel,unseed,EB,R9_0p55to0p85,0.0,1.444,28.0,31.0,bwDscbExp,0.9432,0.001,0.001
etaR9rw_withPresel,unseed,EB,R9_0p55to0p85,0.0,1.444,31.0,35.0,bwDscbCms,0.96509,0.001,0.001
etaR9rw_withPresel,unseed,EB,R9_0p55to0p85,0.0,1.444,31.0,35.0,bwDscbExp,0.95488,0.001,0.001
etaR9rw_withPresel,unseed,EB,R9_0p55to0p85,0.0,1.444,35.0,40.0,bwDscbCms,0.96527,0.001,0.001
etaR9rw_withPresel,unseed,EB,R9_0p55to0p85,0.0,1.444,35.0,40.0,bwDscbExp,0.96519,0.001,0.001
etaR9rw_withPresel,unseed,EB,R9_0p55to0p85,0.0,1.444,40.0,45.0,bwDscbCms,0.97142,0.001,0.001
etaR9rw_withPresel,unseed,EB,R9_0p55to0p85,0.0,1.444,40.0,45.0,bwDscbExp,0.97125,0.001,0.001
etaR9rw_withPresel,unseed,EB,R9_0p55to0p85,0.0,1.444,45.0,50.0,bwDscbCms,0.9714,0.001,0.001
etaR9rw_withPresel,unseed,EB,R9_0p55to0p85,0.0,1.444,45.0,50.0,bwDscbExp,0.971,0.001,0.001
etaR9rw_withPresel,unseed,EB,R9_0p55to0p85,0.0,1.444,50.0,60.0,bwDscbCms,0.96411,0.001,0.001
etaR9rw_withPresel,unseed,EB,R9_0p55to0p85,0.0,1.444,50.0,60.0,bwDscbExp,0.96772,0.001,0.001
etaR9rw_withPresel,unseed,EB,R9_0p55to0p85,0.0,1.444,60.0,70.0,bwDscbCms,0.96339,0.001,0.001
etaR9rw_withPresel,unseed,EB,R9_0p55to0p85,0.0,1.444,60.0,70.0,bwDscbExp,0.965,0.001,0.001
etaR9rw_withPresel,unseed,EB,R9_0p55to0p85,0.0,1.444,70.0,90.0,bwDscbCms,0.97295,0.001,0.001
etaR9rw_withPresel,unseed,EB,R9_0p55to0p85,0.0,1.444,70.0,90.0,bwDscbExp,0.97312,0.00118,0.00665
etaR9rw_withPresel,unseed,EB,R9_0p55to0p85,0.0,1.444,90.0,999999.0,bwDscbCms,0.97724,0.00105,0.001
etaR9rw_withPresel,unseed,EB,R9_0p55to0p85,0.0,1.444,90.0,999999.0,bwDscbExp,0.97971,0.009,0.00226
etaR9rw_withPresel,unseed,EB,R9gt0p85,0.0,1.444,0.0,21.0,bwDscbCms,0.80804,0.001,0.001
etaR9rw_withPresel,unseed,EB,R9gt0p85,0.0,1.444,0.0,21.0,bwDscbExp,0.88774,0.00417,0.001
etaR9rw_withPresel,unseed,EB,R9gt0p85,0.0,1.444,21.0,25.0,bwDscbCms,0.90325,0.00116,0.00116
etaR9rw_withPresel,unseed,EB,R9gt0p85,0.0,1.444,21.0,25.0,bwDscbExp,0.92902,0.001,0.001
etaR9rw_withPresel,unseed,EB,R9gt0p85,0.0,1.444,25.0,28.0,bwDscbCms,0.95463,0.00144,0.00138
etaR9rw_withPresel,unseed,EB,R9gt0p85,0.0,1.444,25.0,28.0,bwDscbExp,0.93395,0.001,0.001
etaR9rw_withPresel,unseed,EB,R9gt0p85,0.0,1.444,28.0,31.0,bwDscbCms,0.9603,0.001,0.001
etaR9rw_withPresel,unseed,EB,R9gt0p85,0.0,1.444,28.0,31.0,bwDscbExp,0.94776,0.001,0.001
etaR9rw_withPresel,unseed,EB,R9gt0p85,0.0,1.444,31.0,35.0,bwDscbCms,0.96518,0.001,0.001
etaR9rw_withPresel,unseed,EB,R9gt0p85,0.0,1.444,31.0,35.0,bwDscbExp,0.95868,0.001,0.001
etaR9rw_withPresel,unseed,EB,R9gt0p85,0.0,1.444,35.0,40.0,bwDscbCms,0.9675,0.001,0.001
etaR9rw_withPresel,unseed,EB,R9gt0p85,0.0,1.444,35.0,40.0,bwDscbExp,0.96855,0.001,0.001
etaR9rw_withPresel,unseed,EB,R9gt0p85,0.0,1.444,40.0,45.0,bwDscbCms,0.9746,0.001,0.001
etaR9rw_withPresel,unseed,EB,R9gt0p85,0.0,1.444,40.0,45.0,bwDscbExp,0.97457,0.001,0.001
etaR9rw_withPresel,unseed,EB,R9gt0p85,0.0,1.444,45.0,50.0,bwDscbCms,0.97575,0.001,0.001
etaR9rw_withPresel,unseed,EB,R9gt0p85,0.0,1.444,45.0,50.0,bwDscbExp,0.97534,0.001,0.001
etaR9rw_withPresel,unseed,EB,R9gt0p85,0.0,1.444,50.0,60.0,bwDscbCms,0.97514,0.001,0.001
etaR9rw_withPresel,unseed,EB,R9gt0p85,0.0,1.444,50.0,60.0,bwDscbExp,0.97428,0.001,0.001
etaR9rw_withPresel,unseed,EB,R9gt0p85,0.0,1.444,60.0,70.0,bwDscbCms,0.97211,0.001,0.001
etaR9rw_withPresel,unseed,EB,R9gt0p85,0.0,1.444,60.0,70.0,bwDscbExp,0.97352,0.001,0.001
etaR9rw_withPresel,unseed,EB,R9gt0p85,0.0,1.444,70.0,90.0,bwDscbCms,0.98132,0.00309,0.00162
etaR9rw_withPresel,unseed,EB,R9gt0p85,0.0,1.444,70.0,90.0,bwDscbExp,0.98133,0.001,0.001
etaR9rw_withPresel,unseed,EB,R9gt0p85,0.0,1.444,90.0,999999.0,bwDscbCms,0.98336,0.001,0.001
etaR9rw_withPresel,unseed,EB,R9gt0p85,0.0,1.444,90.0,999999.0,bwDscbExp,0.98482,0.001,0.001
etaR9rw_withPresel,unseed,EE,R9_0p90to0p93,1.566,2.5,0.0,21.0,bwDscbCms,0.79659,0.01276,0.01119
etaR9rw_withPresel,unseed,EE,R9_0p90to0p93,1.566,2.5,0.0,21.0,bwDscbExp,0.75437,0.01594,0.00944
etaR9rw_withPresel,unseed,EE,R9_0p90to0p93,1.566,2.5,21.0,25.0,bwDscbCms,0.84445,0.01698,0.02264
etaR9rw_withPresel,unseed,EE,R9_0p90to0p93,1.566,2.5,21.0,25.0,bwDscbExp,0.84235,0.00884,0.01441
etaR9rw_withPresel,unseed,EE,R9_0p90to0p93,1.566,2.5,25.0,28.0,bwDscbCms,0.88081,0.01113,0.01081
etaR9rw_withPresel,unseed,EE,R9_0p90to0p93,1.566,2.5,25.0,28.0,bwDscbExp,0.84778,0.00459,0.00773
etaR9rw_withPresel,unseed,EE,R9_0p90to0p93,1.566,2.5,28.0,31.0,bwDscbCms,0.90824,0.00876,0.00818
etaR9rw_withPresel,unseed,EE,R9_0p90to0p93,1.566,2.5,28.0,31.0,bwDscbExp,0.88804,0.00211,0.00267
etaR9rw_withPresel,unseed,EE,R9_0p90to0p93,1.566,2.5,31.0,35.0,bwDscbCms,0.91953,0.00321,0.00366
etaR9rw_withPresel,unseed,EE,R9_0p90to0p93,1.566,2.5,31.0,35.0,bwDscbExp,0.91364,0.00112,0.00114
etaR9rw_withPresel,unseed,EE,R9_0p90to0p93,1.566,2.5,35.0,40.0,bwDscbCms,0.93363,0.001,0.001
etaR9rw_withPresel,unseed,EE,R9_0p90to0p93,1.566,2.5,35.0,40.0,bwDscbExp,0.93343,0.001,0.001
etaR9rw_withPresel,unseed,EE,R9_0p90to0p93,1.566,2.5,40.0,45.0,bwDscbCms,0.94782,0.00116,0.001
etaR9rw_withPresel,unseed,EE,R9_0p90to0p93,1.566,2.5,40.0,45.0,bwDscbExp,0.947,0.001,0.001
etaR9rw_withPresel,unseed,EE,R9_0p90to0p93,1.566,2.5,45.0,50.0,bwDscbCms,0.95241,0.001,0.001
etaR9rw_withPresel,unseed,EE,R9_0p90to0p93,1.566,2.5,45.0,50.0,bwDscbExp,0.95119,0.00121,0.001
etaR9rw_withPresel,unseed,EE,R9_0p90to0p93,1.566,2.5,50.0,60.0,bwDscbCms,0.94868,0.0066,0.00302
etaR9rw_withPresel,unseed,EE,R9_0p90to0p93,1.566,2.5,50.0,60.0,bwDscbExp,0.95486,0.001,0.001
etaR9rw_withPresel,unseed,EE,R9_0p90to0p93,1.566,2.5,60.0,70.0,bwDscbCms,0.95407,0.00287,0.00265
etaR9rw_withPresel,unseed,EE,R9_0p90to0p93,1.566,2.5,60.0,70.0,bwDscbExp,0.96052,0.00622,0.00604
etaR9rw_withPresel,unseed,EE,R9_0p90to0p93,1.566,2.5,70.0,90.0,bwDscbCms,0.97557,0.01017,0.00439
etaR9rw_withPresel,unseed,EE,R9_0p90to0p93,1.566,2.5,70.0,90.0,bwDscbExp,0.96742,0.00787,0.00479
etaR9rw_withPresel,unseed,EE,R9_0p90to0p93,1.566,2.5,90.0,999999.0,bwDscbCms,0.97385,0.00396,0.00392
etaR9rw_withPresel,unseed,EE,R9_0p90to0p93,1.566,2.5,90.0,999999.0,bwDscbExp,0.97335,0.00267,0.00252
etaR9rw_withPresel,unseed,EE,R9gt0p93,1.566,2.5,0.0,21.0,bwDscbCms,0.74015,0.001,0.001
etaR9rw_withPresel,unseed,EE,R9gt0p93,1.566,2.5,0.0,21.0,bwDscbExp,0.73257,0.00199,0.00185
etaR9rw_withPresel,unseed,EE,R9gt0p93,1.566,2.5,21.0,25.0,bwDscbCms,0.89498,0.00269,0.00269
etaR9rw_withPresel,unseed,EE,R9gt0p93,1.566,2.5,21.0,25.0,bwDscbExp,0.88407,0.00254,0.00134
etaR9rw_withPresel,unseed,EE,R9gt0p93,1.566,2.5,25.0,28.0,bwDscbCms,0.90963,0.00111,0.0011
etaR9rw_withPresel,unseed,EE,R9gt0p93,1.566,2.5,25.0,28.0,bwDscbExp,0.90451,0.00167,0.00141
etaR9rw_withPresel,unseed,EE,R9gt0p93,1.566,2.5,28.0,31.0,bwDscbCms,0.94638,0.001,0.001
etaR9rw_withPresel,unseed,EE,R9gt0p93,1.566,2.5,28.0,31.0,bwDscbExp,0.92671,0.001,0.001
etaR9rw_withPresel,unseed,EE,R9gt0p93,1.566,2.5,31.0,35.0,bwDscbCms,0.95719,0.001,0.001
etaR9rw_withPresel,unseed,EE,R9gt0p93,1.566,2.5,31.0,35.0,bwDscbExp,0.94707,0.001,0.001
etaR9rw_withPresel,unseed,EE,R9gt0p93,1.566,2.5,35.0,40.0,bwDscbCms,0.96432,0.001,0.001
etaR9rw_withPresel,unseed,EE,R9gt0p93,1.566,2.5,35.0,40.0,bwDscbExp,0.96349,0.001,0.001
etaR9rw_withPresel,unseed,EE,R9gt0p93,1.566,2.5,40.0,45.0,bwDscbCms,0.97479,0.001,0.001
etaR9rw_withPresel,unseed,EE,R9gt0p93,1.566,2.5,40.0,45.0,bwDscbExp,0.9739,0.001,0.001
etaR9rw_withPresel,unseed,EE,R9gt0p93,1.566,2.5,45.0,50.0,bwDscbCms,0.97887,0.001,0.001
etaR9rw_withPresel,unseed,EE,R9gt0p93,1.566,2.5,45.0,50.0,bwDscbExp,0.97808,0.001,0.001
etaR9rw_withPresel,unseed,EE,R9gt0p93,1.566,2.5,50.0,60.0,bwDscbCms,0.98174,0.001,0.001
etaR9rw_withPresel,unseed,EE,R9gt0p93,1.566,2.5,50.0,60.0,bwDscbExp,0.98183,0.001,0.001
etaR9rw_withPresel,unseed,EE,R9gt0p93,1.566,2.5,60.0,70.0,bwDscbCms,0.98593,0.00339,0.00424
etaR9rw_withPresel,unseed,EE,R9gt0p93,1.566,2.5,60.0,70.0,bwDscbExp,0.98503,0.001,0.001
etaR9rw_withPresel,unseed,EE,R9gt0p93,1.566,2.5,70.0,90.0,bwDscbCms,0.98377,0.00422,0.001
etaR9rw_withPresel,unseed,EE,R9gt0p93,1.566,2.5,70.0,90.0,bwDscbExp,0.98878,0.00172,0.00115
etaR9rw_withPresel,unseed,EE,R9gt0p93,1.566,2.5,90.0,999999.0,bwDscbCms,0.99032,0.001,0.001
etaR9rw_withPresel,unseed,EE,R9gt0p93,1.566,2.5,90.0,999999.0,bwDscbExp,0.9907,0.001,0.001
etaR9rw_noPresel_fullPath,seed,EB,R9_0p50to0p55,0.0,1.444,0.0,35.0,bwDscbCms,0.86922,0.00368,0.00347
etaR9rw_noPresel_fullPath,seed,EB,R9_0p50to0p55,0.0,1.444,0.0,35.0,bwDscbExp,0.85591,0.00119,0.00111
etaR9rw_noPresel_fullPath,seed,EB,R9_0p50to0p55,0.0,1.444,35.0,37.0,bwDscbCms,0.94882,0.00103,0.00101
etaR9rw_noPresel_fullPath,seed,EB,R9_0p50to0p55,0.0,1.444,35.0,37.0,bwDscbExp,0.94269,0.001,0.001
etaR9rw_noPresel_fullPath,seed,EB,R9_0p50to0p55,0.0,1.444,37.0,40.0,bwDscbCms,0.95241,0.001,0.001
etaR9rw_noPresel_fullPath,seed,EB,R9_0p50to0p55,0.0,1.444,37.0,40.0,bwDscbExp,0.95241,0.001,0.001
etaR9rw_noPresel_fullPath,seed,EB,R9_0p50to0p55,0.0,1.444,40.0,45.0,bwDscbCms,0.9553,0.001,0.001
etaR9rw_noPresel_fullPath,seed,EB,R9_0p50to0p55,0.0,1.444,40.0,45.0,bwDscbExp,0.95534,0.001,0.001
etaR9rw_noPresel_fullPath,seed,EB,R9_0p50to0p55,0.0,1.444,45.0,50.0,bwDscbCms,0.95725,0.001,0.00107
etaR9rw_noPresel_fullPath,seed,EB,R9_0p50to0p55,0.0,1.444,45.0,50.0,bwDscbExp,0.95714,0.001,0.001
etaR9rw_noPresel_fullPath,seed,EB,R9_0p50to0p55,0.0,1.444,50.0,60.0,bwDscbCms,0.95986,0.00338,0.00432
etaR9rw_noPresel_fullPath,seed,EB,R9_0p50to0p55,0.0,1.444,50.0,60.0,bwDscbExp,0.96058,0.00117,0.00114
etaR9rw_noPresel_fullPath,seed,EB,R9_0p50to0p55,0.0,1.444,60.0,70.0,bwDscbCms,0.97142,0.00383,0.00368
etaR9rw_noPresel_fullPath,seed,EB,R9_0p50to0p55,0.0,1.444,60.0,70.0,bwDscbExp,0.97434,0.00906,0.00326
etaR9rw_noPresel_fullPath,seed,EB,R9_0p50to0p55,0.0,1.444,70.0,90.0,bwDscbCms,0.97557,0.00419,0.00421
etaR9rw_noPresel_fullPath,seed,EB,R9_0p50to0p55,0.0,1.444,70.0,90.0,bwDscbExp,0.98302,0.00444,0.0048
etaR9rw_noPresel_fullPath,seed,EB,R9_0p50to0p55,0.0,1.444,90.0,999999.0,bwDscbCms,0.98346,0.0076,0.00755
etaR9rw_noPresel_fullPath,seed,EB,R9_0p50to0p55,0.0,1.444,90.0,999999.0,bwDscbExp,0.98285,0.00847,0.00651
etaR9rw_noPresel_fullPath,seed,EB,R9_0p55to0p85,0.0,1.444,0.0,35.0,bwDscbCms,0.89223,0.001,0.001
etaR9rw_noPresel_fullPath,seed,EB,R9_0p55to0p85,0.0,1.444,0.0,35.0,bwDscbExp,0.88225,0.001,0.001
etaR9rw_noPresel_fullPath,seed,EB,R9_0p55to0p85,0.0,1.444,35.0,37.0,bwDscbCms,0.95619,0.001,0.001
etaR9rw_noPresel_fullPath,seed,EB,R9_0p55to0p85,0.0,1.444,35.0,37.0,bwDscbExp,0.9562,0.001,0.001
etaR9rw_noPresel_fullPath,seed,EB,R9_0p55to0p85,0.0,1.444,37.0,40.0,bwDscbCms,0.96225,0.001,0.001
etaR9rw_noPresel_fullPath,seed,EB,R9_0p55to0p85,0.0,1.444,37.0,40.0,bwDscbExp,0.96225,0.001,0.001
etaR9rw_noPresel_fullPath,seed,EB,R9_0p55to0p85,0.0,1.444,40.0,45.0,bwDscbCms,0.96535,0.001,0.001
etaR9rw_noPresel_fullPath,seed,EB,R9_0p55to0p85,0.0,1.444,40.0,45.0,bwDscbExp,0.96535,0.001,0.001
etaR9rw_noPresel_fullPath,seed,EB,R9_0p55to0p85,0.0,1.444,45.0,50.0,bwDscbCms,0.96759,0.001,0.001
etaR9rw_noPresel_fullPath,seed,EB,R9_0p55to0p85,0.0,1.444,45.0,50.0,bwDscbExp,0.96749,0.001,0.001
etaR9rw_noPresel_fullPath,seed,EB,R9_0p55to0p85,0.0,1.444,50.0,60.0,bwDscbCms,0.96866,0.001,0.001
etaR9rw_noPresel_fullPath,seed,EB,R9_0p55to0p85,0.0,1.444,50.0,60.0,bwDscbExp,0.97051,0.001,0.001
etaR9rw_noPresel_fullPath,seed,EB,R9_0p55to0p85,0.0,1.444,60.0,70.0,bwDscbCms,0.97801,0.00194,0.00194
etaR9rw_noPresel_fullPath,seed,EB,R9_0p55to0p85,0.0,1.444,60.0,70.0,bwDscbExp,0.97783,0.00111,0.00102
etaR9rw_noPresel_fullPath,seed,EB,R9_0p55to0p85,0.0,1.444,70.0,90.0,bwDscbCms,0.98429,0.00175,0.00149
etaR9rw_noPresel_fullPath,seed,EB,R9_0p55to0p85,0.0,1.444,70.0,90.0,bwDscbExp,0.98295,0.001,0.001
etaR9rw_noPresel_fullPath,seed,EB,R9_0p55to0p85,0.0,1.444,90.0,999999.0,bwDscbCms,0.99306,0.00126,0.001
etaR9rw_noPresel_fullPath,seed,EB,R9_0p55to0p85,0.0,1.444,90.0,999999.0,bwDscbExp,0.9926,0.001,0.001
etaR9rw_noPresel_fullPath,seed,EB,R9gt0p85,0.0,1.444,0.0,35.0,bwDscbCms,0.89792,0.001,0.001
etaR9rw_noPresel_fullPath,seed,EB,R9gt0p85,0.0,1.444,0.0,35.0,bwDscbExp,0.88601,0.001,0.001
etaR9rw_noPresel_fullPath,seed,EB,R9gt0p85,0.0,1.444,35.0,37.0,bwDscbCms,0.94109,0.001,0.001
etaR9rw_noPresel_fullPath,seed,EB,R9gt0p85,0.0,1.444,35.0,37.0,bwDscbExp,0.94109,0.001,0.001
etaR9rw_noPresel_fullPath,seed,EB,R9gt0p85,0.0,1.444,37.0,40.0,bwDscbCms,0.94757,0.001,0.001
etaR9rw_noPresel_fullPath,seed,EB,R9gt0p85,0.0,1.444,37.0,40.0,bwDscbExp,0.94757,0.001,0.001
etaR9rw_noPresel_fullPath,seed,EB,R9gt0p85,0.0,1.444,40.0,45.0,bwDscbCms,0.95347,0.001,0.001
etaR9rw_noPresel_fullPath,seed,EB,R9gt0p85,0.0,1.444,40.0,45.0,bwDscbExp,0.95347,0.001,0.001
etaR9rw_noPresel_fullPath,seed,EB,R9gt0p85,0.0,1.444,45.0,50.0,bwDscbCms,0.96018,0.001,0.001
etaR9rw_noPresel_fullPath,seed,EB,R9gt0p85,0.0,1.444,45.0,50.0,bwDscbExp,0.96013,0.001,0.001
etaR9rw_noPresel_fullPath,seed,EB,R9gt0p85,0.0,1.444,50.0,60.0,bwDscbCms,0.96736,0.001,0.001
etaR9rw_noPresel_fullPath,seed,EB,R9gt0p85,0.0,1.444,50.0,60.0,bwDscbExp,0.96768,0.001,0.001
etaR9rw_noPresel_fullPath,seed,EB,R9gt0p85,0.0,1.444,60.0,70.0,bwDscbCms,0.97626,0.001,0.001
etaR9rw_noPresel_fullPath,seed,EB,R9gt0p85,0.0,1.444,60.0,70.0,bwDscbExp,0.97581,0.001,0.001
etaR9rw_noPresel_fullPath,seed,EB,R9gt0p85,0.0,1.444,70.0,90.0,bwDscbCms,0.98636,0.001,0.001
etaR9rw_noPresel_fullPath,seed,EB,R9gt0p85,0.0,1.444,70.0,90.0,bwDscbExp,0.98569,0.001,0.001
etaR9rw_noPresel_fullPath,seed,EB,R9gt0p85,0.0,1.444,90.0,999999.0,bwDscbCms,0.99328,0.001,0.001
etaR9rw_noPresel_fullPath,seed,EB,R9gt0p85,0.0,1.444,90.0,999999.0,bwDscbExp,0.99302,0.001,0.001
etaR9rw_noPresel_fullPath,seed,EE,R9_0p90to0p93,1.566,2.5,0.0,35.0,bwDscbCms,0.91031,0.00481,0.00461
etaR9rw_noPresel_fullPath,seed,EE,R9_0p90to0p93,1.566,2.5,0.0,35.0,bwDscbExp,0.8839,0.00178,0.00132
etaR9rw_noPresel_fullPath,seed,EE,R9_0p90to0p93,1.566,2.5,35.0,37.0,bwDscbCms,0.96282,0.00104,0.00169
etaR9rw_noPresel_fullPath,seed,EE,R9_0p90to0p93,1.566,2.5,35.0,37.0,bwDscbExp,0.9626,0.001,0.001
etaR9rw_noPresel_fullPath,seed,EE,R9_0p90to0p93,1.566,2.5,37.0,40.0,bwDscbCms,0.9692,0.001,0.001
etaR9rw_noPresel_fullPath,seed,EE,R9_0p90to0p93,1.566,2.5,37.0,40.0,bwDscbExp,0.96931,0.001,0.001
etaR9rw_noPresel_fullPath,seed,EE,R9_0p90to0p93,1.566,2.5,40.0,45.0,bwDscbCms,0.97584,0.001,0.001
etaR9rw_noPresel_fullPath,seed,EE,R9_0p90to0p93,1.566,2.5,40.0,45.0,bwDscbExp,0.97572,0.001,0.001
etaR9rw_noPresel_fullPath,seed,EE,R9_0p90to0p93,1.566,2.5,45.0,50.0,bwDscbCms,0.98286,0.001,0.001
etaR9rw_noPresel_fullPath,seed,EE,R9_0p90to0p93,1.566,2.5,45.0,50.0,bwDscbExp,0.9825,0.001,0.001
etaR9rw_noPresel_fullPath,seed,EE,R9_0p90to0p93,1.566,2.5,50.0,60.0,bwDscbCms,0.98098,0.00142,0.00396
etaR9rw_noPresel_fullPath,seed,EE,R9_0p90to0p93,1.566,2.5,50.0,60.0,bwDscbExp,0.983,0.001,0.001
etaR9rw_noPresel_fullPath,seed,EE,R9_0p90to0p93,1.566,2.5,60.0,70.0,bwDscbCms,0.98626,0.00255,0.00301
etaR9rw_noPresel_fullPath,seed,EE,R9_0p90to0p93,1.566,2.5,60.0,70.0,bwDscbExp,0.98735,0.00267,0.00217
etaR9rw_noPresel_fullPath,seed,EE,R9_0p90to0p93,1.566,2.5,70.0,90.0,bwDscbCms,0.99245,0.00209,0.00213
etaR9rw_noPresel_fullPath,seed,EE,R9_0p90to0p93,1.566,2.5,70.0,90.0,bwDscbExp,0.99163,0.00249,0.00247
etaR9rw_noPresel_fullPath,seed,EE,R9_0p90to0p93,1.566,2.5,90.0,999999.0,bwDscbCms,0.9977,0.00143,0.00143
etaR9rw_noPresel_fullPath,seed,EE,R9_0p90to0p93,1.566,2.5,90.0,999999.0,bwDscbExp,0.99688,0.001,0.001
etaR9rw_noPresel_fullPath,seed,EE,R9gt0p93,1.566,2.5,0.0,35.0,bwDscbCms,0.92637,0.001,0.001
etaR9rw_noPresel_fullPath,seed,EE,R9gt0p93,1.566,2.5,0.0,35.0,bwDscbExp,0.91313,0.001,0.001
etaR9rw_noPresel_fullPath,seed,EE,R9gt0p93,1.566,2.5,35.0,37.0,bwDscbCms,0.97013,0.001,0.001
etaR9rw_noPresel_fullPath,seed,EE,R9gt0p93,1.566,2.5,35.0,37.0,bwDscbExp,0.96844,0.001,0.001
etaR9rw_noPresel_fullPath,seed,EE,R9gt0p93,1.566,2.5,37.0,40.0,bwDscbCms,0.97218,0.001,0.001
etaR9rw_noPresel_fullPath,seed,EE,R9gt0p93,1.566,2.5,37.0,40.0,bwDscbExp,0.97207,0.001,0.001
etaR9rw_noPresel_fullPath,seed,EE,R9gt0p93,1.566,2.5,40.0,45.0,bwDscbCms,0.97551,0.001,0.001
etaR9rw_noPresel_fullPath,seed,EE,R9gt0p93,1.566,2.5,40.0,45.0,bwDscbExp,0.97545,0.001,0.001
etaR9rw_noPresel_fullPath,seed,EE,R9gt0p93,1.566,2.5,45.0,50.0,bwDscbCms,0.97668,0.001,0.001
etaR9rw_noPresel_fullPath,seed,EE,R9gt0p93,1.566,2.5,45.0,50.0,bwDscbExp,0.97694,0.001,0.001
etaR9rw_noPresel_fullPath,seed,EE,R9gt0p93,1.566,2.5,50.0,60.0,bwDscbCms,0.97677,0.001,0.001
etaR9rw_noPresel_fullPath,seed,EE,R9gt0p93,1.566,2.5,50.0,60.0,bwDscbExp,0.97711,0.001,0.001
etaR9rw_noPresel_fullPath,seed,EE,R9gt0p93,1.566,2.5,60.0,70.0,bwDscbCms,0.98398,0.00188,0.00269
etaR9rw_noPresel_fullPath,seed,EE,R9gt0p93,1.566,2.5,60.0,70.0,bwDscbExp,0.98255,0.001,0.0022
etaR9rw_noPresel_fullPath,seed,EE,R9gt0p93,1.566,2.5,70.0,90.0,bwDscbCms,0.98663,0.001,0.00129
etaR9rw_noPresel_fullPath,seed,EE,R9gt0p93,1.566,2.5,70.0,90.0,bwDscbExp,0.9865,0.001,0.001
etaR9rw_noPresel_fullPath,seed,EE,R9gt0p93,1.566,2.5,90.0,999999.0,bwDscbCms,0.98996,0.00167,0.001
etaR9rw_noPresel_fullPath,seed,EE,R9gt0p93,1.566,2.5,90.0,999999.0,bwDscbExp,0.98909,0.001,0.001
etaR9rw_noPresel_fullPath,unseed,EB,R9_0p50to0p55,0.0,1.444,0.0,21.0,bwDscbCms,0.98824,0.00308,0.00307
etaR9rw_noPresel_fullPath,unseed,EB,R9_0p50to0p55,0.0,1.444,0.0,21.0,bwDscbExp,0.98668,0.00419,0.00428
etaR9rw_noPresel_fullPath,unseed,EB,R9_0p50to0p55,0.0,1.444,21.0,25.0,bwDscbCms,0.99492,0.001,0.001
etaR9rw_noPresel_fullPath,unseed,EB,R9_0p50to0p55,0.0,1.444,21.0,25.0,bwDscbExp,0.99753,0.00144,0.001
etaR9rw_noPresel_fullPath,unseed,EB,R9_0p50to0p55,0.0,1.444,25.0,28.0,bwDscbCms,0.99804,0.00102,0.001
etaR9rw_noPresel_fullPath,unseed,EB,R9_0p50to0p55,0.0,1.444,25.0,28.0,bwDscbExp,0.99892,0.001,0.001
etaR9rw_noPresel_fullPath,unseed,EB,R9_0p50to0p55,0.0,1.444,28.0,31.0,bwDscbCms,0.99836,0.001,0.00116
etaR9rw_noPresel_fullPath,unseed,EB,R9_0p50to0p55,0.0,1.444,28.0,31.0,bwDscbExp,0.99889,0.001,0.001
etaR9rw_noPresel_fullPath,unseed,EB,R9_0p50to0p55,0.0,1.444,31.0,35.0,bwDscbCms,0.99978,0.001,0.001
etaR9rw_noPresel_fullPath,unseed,EB,R9_0p50to0p55,0.0,1.444,31.0,35.0,bwDscbExp,0.9989,0.001,0.001
etaR9rw_noPresel_fullPath,unseed,EB,R9_0p50to0p55,0.0,1.444,35.0,40.0,bwDscbCms,0.99939,0.001,0.001
etaR9rw_noPresel_fullPath,unseed,EB,R9_0p50to0p55,0.0,1.444,35.0,40.0,bwDscbExp,0.99939,0.001,0.001
etaR9rw_noPresel_fullPath,unseed,EB,R9_0p50to0p55,0.0,1.444,40.0,45.0,bwDscbCms,0.99984,0.001,0.001
etaR9rw_noPresel_fullPath,unseed,EB,R9_0p50to0p55,0.0,1.444,40.0,45.0,bwDscbExp,0.99985,0.001,0.001
etaR9rw_noPresel_fullPath,unseed,EB,R9_0p50to0p55,0.0,1.444,45.0,50.0,bwDscbCms,0.99969,0.001,0.001
etaR9rw_noPresel_fullPath,unseed,EB,R9_0p50to0p55,0.0,1.444,45.0,50.0,bwDscbExp,0.99969,0.001,0.001
etaR9rw_noPresel_fullPath,unseed,EB,R9_0p50to0p55,0.0,1.444,50.0,60.0,bwDscbCms,0.9994,0.001,0.001
etaR9rw_noPresel_fullPath,unseed,EB,R9_0p50to0p55,0.0,1.444,50.0,60.0,bwDscbExp,0.99931,0.001,0.001
etaR9rw_noPresel_fullPath,unseed,EB,R9_0p50to0p55,0.0,1.444,60.0,70.0,bwDscbCms,0.9981,0.001,0.001
etaR9rw_noPresel_fullPath,unseed,EB,R9_0p50to0p55,0.0,1.444,60.0,70.0,bwDscbExp,0.99806,0.001,0.001
etaR9rw_noPresel_fullPath,unseed,EB,R9_0p50to0p55,0.0,1.444,70.0,90.0,bwDscbCms,0.99773,0.00131,0.00131
etaR9rw_noPresel_fullPath,unseed,EB,R9_0p50to0p55,0.0,1.444,70.0,90.0,bwDscbExp,0.99775,0.00152,0.00107
etaR9rw_noPresel_fullPath,unseed,EB,R9_0p50to0p55,0.0,1.444,90.0,999999.0,bwDscbCms,0.99087,0.0037,0.00438
etaR9rw_noPresel_fullPath,unseed,EB,R9_0p50to0p55,0.0,1.444,90.0,999999.0,bwDscbExp,0.99114,0.00451,0.00427
etaR9rw_noPresel_fullPath,unseed,EB,R9_0p55to0p85,0.0,1.444,0.0,21.0,bwDscbCms,0.99057,0.00121,0.00121
etaR9rw_noPresel_fullPath,unseed,EB,R9_0p55to0p85,0.0,1.444,0.0,21.0,bwDscbExp,0.99124,0.00122,0.00162
etaR9rw_noPresel_fullPath,unseed,EB,R9_0p55to0p85,0.0,1.444,21.0,25.0,bwDscbCms,0.99779,0.00162,0.00106
etaR9rw_noPresel_fullPath,unseed,EB,R9_0p55to0p85,0.0,1.444,21.0,25.0,bwDscbExp,0.99905,0.001,0.001
etaR9rw_noPresel_fullPath,unseed,EB,R9_0p55to0p85,0.0,1.444,25.0,28.0,bwDscbCms,0.99875,0.001,0.001
etaR9rw_noPresel_fullPath,unseed,EB,R9_0p55to0p85,0.0,1.444,25.0,28.0,bwDscbExp,0.99921,0.001,0.001
etaR9rw_noPresel_fullPath,unseed,EB,R9_0p55to0p85,0.0,1.444,28.0,31.0,bwDscbCms,0.99924,0.001,0.001
etaR9rw_noPresel_fullPath,unseed,EB,R9_0p55to0p85,0.0,1.444,28.0,31.0,bwDscbExp,0.99947,0.001,0.001
etaR9rw_noPresel_fullPath,unseed,EB,R9_0p55to0p85,0.0,1.444,31.0,35.0,bwDscbCms,0.99973,0.001,0.001
etaR9rw_noPresel_fullPath,unseed,EB,R9_0p55to0p85,0.0,1.444,31.0,35.0,bwDscbExp,0.99941,0.001,0.001
etaR9rw_noPresel_fullPath,unseed,EB,R9_0p55to0p85,0.0,1.444,35.0,40.0,bwDscbCms,0.99975,0.001,0.001
etaR9rw_noPresel_fullPath,unseed,EB,R9_0p55to0p85,0.0,1.444,35.0,40.0,bwDscbExp,0.99976,0.001,0.001
etaR9rw_noPresel_fullPath,unseed,EB,R9_0p55to0p85,0.0,1.444,40.0,45.0,bwDscbCms,0.99989,0.001,0.001
etaR9rw_noPresel_fullPath,unseed,EB,R9_0p55to0p85,0.0,1.444,40.0,45.0,bwDscbExp,0.99984,0.001,0.001
etaR9rw_noPresel_fullPath,unseed,EB,R9_0p55to0p85,0.0,1.444,45.0,50.0,bwDscbCms,0.99982,0.001,0.001
etaR9rw_noPresel_fullPath,unseed,EB,R9_0p55to0p85,0.0,1.444,45.0,50.0,bwDscbExp,0.99982,0.001,0.001
etaR9rw_noPresel_fullPath,unseed,EB,R9_0p55to0p85,0.0,1.444,50.0,60.0,bwDscbCms,0.99972,0.001,0.001
etaR9rw_noPresel_fullPath,unseed,EB,R9_0p55to0p85,0.0,1.444,50.0,60.0,bwDscbExp,0.99977,0.001,0.001
etaR9rw_noPresel_fullPath,unseed,EB,R9_0p55to0p85,0.0,1.444,60.0,70.0,bwDscbCms,0.99921,0.001,0.001
etaR9rw_noPresel_fullPath,unseed,EB,R9_0p55to0p85,0.0,1.444,60.0,70.0,bwDscbExp,0.99924,0.001,0.001
etaR9rw_noPresel_fullPath,unseed,EB,R9_0p55to0p85,0.0,1.444,70.0,90.0,bwDscbCms,0.99938,0.001,0.001
etaR9rw_noPresel_fullPath,unseed,EB,R9_0p55to0p85,0.0,1.444,70.0,90.0,bwDscbExp,0.99931,0.001,0.001
etaR9rw_noPresel_fullPath,unseed,EB,R9_0p55to0p85,0.0,1.444,90.0,999999.0,bwDscbCms,0.99913,0.001,0.001
etaR9rw_noPresel_fullPath,unseed,EB,R9_0p55to0p85,0.0,1.444,90.0,999999.0,bwDscbExp,0.99964,0.001,0.001
etaR9rw_noPresel_fullPath,unseed,EB,R9gt0p85,0.0,1.444,0.0,21.0,bwDscbCms,0.99319,0.001,0.001
etaR9rw_noPresel_fullPath,unseed,EB,R9gt0p85,0.0,1.444,0.0,21.0,bwDscbExp,0.99336,0.001,0.001
etaR9rw_noPresel_fullPath,unseed,EB,R9gt0p85,0.0,1.444,21.0,25.0,bwDscbCms,0.99662,0.001,0.001
etaR9rw_noPresel_fullPath,unseed,EB,R9gt0p85,0.0,1.444,21.0,25.0,bwDscbExp,0.99718,0.001,0.001
etaR9rw_noPresel_fullPath,unseed,EB,R9gt0p85,0.0,1.444,25.0,28.0,bwDscbCms,0.99884,0.001,0.001
etaR9rw_noPresel_fullPath,unseed,EB,R9gt0p85,0.0,1.444,25.0,28.0,bwDscbExp,0.99938,0.001,0.001
etaR9rw_noPresel_fullPath,unseed,EB,R9gt0p85,0.0,1.444,28.0,31.0,bwDscbCms,0.99929,0.001,0.001
etaR9rw_noPresel_fullPath,unseed,EB,R9gt0p85,0.0,1.444,28.0,31.0,bwDscbExp,0.99942,0.001,0.001
etaR9rw_noPresel_fullPath,unseed,EB,R9gt0p85,0.0,1.444,31.0,35.0,bwDscbCms,0.99962,0.001,0.001
etaR9rw_noPresel_fullPath,unseed,EB,R9gt0p85,0.0,1.444,31.0,35.0,bwDscbExp,0.99955,0.001,0.001
etaR9rw_noPresel_fullPath,unseed,EB,R9gt0p85,0.0,1.444,35.0,40.0,bwDscbCms,0.99984,0.001,0.001
etaR9rw_noPresel_fullPath,unseed,EB,R9gt0p85,0.0,1.444,35.0,40.0,bwDscbExp,0.99977,0.001,0.001
etaR9rw_noPresel_fullPath,unseed,EB,R9gt0p85,0.0,1.444,40.0,45.0,bwDscbCms,0.99987,0.001,0.001
etaR9rw_noPresel_fullPath,unseed,EB,R9gt0p85,0.0,1.444,40.0,45.0,bwDscbExp,0.99987,0.001,0.001
etaR9rw_noPresel_fullPath,unseed,EB,R9gt0p85,0.0,1.444,45.0,50.0,bwDscbCms,0.99987,0.001,0.001
etaR9rw_noPresel_fullPath,unseed,EB,R9gt0p85,0.0,1.444,45.0,50.0,bwDscbExp,0.99987,0.001,0.001
etaR9rw_noPresel_fullPath,unseed,EB,R9gt0p85,0.0,1.444,50.0,60.0,bwDscbCms,0.99975,0.001,0.001
etaR9rw_noPresel_fullPath,unseed,EB,R9gt0p85,0.0,1.444,50.0,60.0,bwDscbExp,0.9998,0.001,0.001
etaR9rw_noPresel_fullPath,unseed,EB,R9gt0p85,0.0,1.444,60.0,70.0,bwDscbCms,0.99943,0.001,0.001
etaR9rw_noPresel_fullPath,unseed,EB,R9gt0p85,0.0,1.444,60.0,70.0,bwDscbExp,0.99951,0.001,0.001
etaR9rw_noPresel_fullPath,unseed,EB,R9gt0p85,0.0,1.444,70.0,90.0,bwDscbCms,0.99963,0.001,0.001
etaR9rw_noPresel_fullPath,unseed,EB,R9gt0p85,0.0,1.444,70.0,90.0,bwDscbExp,0.99949,0.001,0.001
etaR9rw_noPresel_fullPath,unseed,EB,R9gt0p85,0.0,1.444,90.0,999999.0,bwDscbCms,0.99958,0.001,0.001
etaR9rw_noPresel_fullPath,unseed,EB,R9gt0p85,0.0,1.444,90.0,999999.0,bwDscbExp,0.99972,0.001,0.001
etaR9rw_noPresel_fullPath,unseed,EE,R9_0p90to0p93,1.566,2.5,0.0,21.0,bwDscbCms,0.97682,0.00744,0.0093
etaR9rw_noPresel_fullPath,unseed,EE,R9_0p90to0p93,1.566,2.5,0.0,21.0,bwDscbExp,0.97404,0.0054,0.01058
etaR9rw_noPresel_fullPath,unseed,EE,R9_0p90to0p93,1.566,2.5,21.0,25.0,bwDscbCms,0.99069,0.00181,0.00811
etaR9rw_noPresel_fullPath,unseed,EE,R9_0p90to0p93,1.566,2.5,21.0,25.0,bwDscbExp,0.99284,0.00782,0.001
etaR9rw_noPresel_fullPath,unseed,EE,R9_0p90to0p93,1.566,2.5,25.0,28.0,bwDscbCms,0.99542,0.00303,0.001
etaR9rw_noPresel_fullPath,unseed,EE,R9_0p90to0p93,1.566,2.5,25.0,28.0,bwDscbExp,0.99701,0.00288,0.00288
etaR9rw_noPresel_fullPath,unseed,EE,R9_0p90to0p93,1.566,2.5,28.0,31.0,bwDscbCms,0.99763,0.001,0.001
etaR9rw_noPresel_fullPath,unseed,EE,R9_0p90to0p93,1.566,2.5,28.0,31.0,bwDscbExp,0.9983,0.001,0.001
etaR9rw_noPresel_fullPath,unseed,EE,R9_0p90to0p93,1.566,2.5,31.0,35.0,bwDscbCms,0.99881,0.001,0.001
etaR9rw_noPresel_fullPath,unseed,EE,R9_0p90to0p93,1.566,2.5,31.0,35.0,bwDscbExp,0.99881,0.001,0.001
etaR9rw_noPresel_fullPath,unseed,EE,R9_0p90to0p93,1.566,2.5,35.0,40.0,bwDscbCms,0.99964,0.001,0.001
etaR9rw_noPresel_fullPath,unseed,EE,R9_0p90to0p93,1.566,2.5,35.0,40.0,bwDscbExp,0.99959,0.001,0.001
etaR9rw_noPresel_fullPath,unseed,EE,R9_0p90to0p93,1.566,2.5,40.0,45.0,bwDscbCms,0.99982,0.001,0.001
etaR9rw_noPresel_fullPath,unseed,EE,R9_0p90to0p93,1.566,2.5,40.0,45.0,bwDscbExp,0.99966,0.001,0.001
etaR9rw_noPresel_fullPath,unseed,EE,R9_0p90to0p93,1.566,2.5,45.0,50.0,bwDscbCms,0.99986,0.001,0.001
etaR9rw_noPresel_fullPath,unseed,EE,R9_0p90to0p93,1.566,2.5,45.0,50.0,bwDscbExp,0.9998,0.001,0.001
etaR9rw_noPresel_fullPath,unseed,EE,R9_0p90to0p93,1.566,2.5,50.0,60.0,bwDscbCms,0.99931,0.001,0.001
etaR9rw_noPresel_fullPath,unseed,EE,R9_0p90to0p93,1.566,2.5,50.0,60.0,bwDscbExp,0.99955,0.001,0.001
etaR9rw_noPresel_fullPath,unseed,EE,R9_0p90to0p93,1.566,2.5,60.0,70.0,bwDscbCms,0.9989,0.001,0.001
etaR9rw_noPresel_fullPath,unseed,EE,R9_0p90to0p93,1.566,2.5,60.0,70.0,bwDscbExp,0.99974,0.001,0.001
etaR9rw_noPresel_fullPath,unseed,EE,R9_0p90to0p93,1.566,2.5,70.0,90.0,bwDscbCms,0.99915,0.001,0.001
etaR9rw_noPresel_fullPath,unseed,EE,R9_0p90to0p93,1.566,2.5,70.0,90.0,bwDscbExp,0.99879,0.001,0.001
etaR9rw_noPresel_fullPath,unseed,EE,R9_0p90to0p93,1.566,2.5,90.0,999999.0,bwDscbCms,0.99946,0.001,0.001
etaR9rw_noPresel_fullPath,unseed,EE,R9_0p90to0p93,1.566,2.5,90.0,999999.0,bwDscbExp,0.99944,0.001,0.001
etaR9rw_noPresel_fullPath,unseed,EE,R9gt0p93,1.566,2.5,0.0,21.0,bwDscbCms,0.98028,0.001,0.001
etaR9rw_noPresel_fullPath,unseed,EE,R9gt0p93,1.566,2.5,0.0,21.0,bwDscbExp,0.97428,0.001,0.001
etaR9rw_noPresel_fullPath,unseed,EE,R9gt0p93,1.566,2.5,21.0,25.0,bwDscbCms,0.99228,0.001,0.001
etaR9rw_noPresel_fullPath,unseed,EE,R9gt0p93,1.566,2.5,21.0,25.0,bwDscbExp,0.99309,0.001,0.001
etaR9rw_noPresel_fullPath,unseed,EE,R9gt0p93,1.566,2.5,25.0,28.0,bwDscbCms,0.99667,0.001,0.001
etaR9rw_noPresel_fullPath,unseed,EE,R9gt0p93,1.566,2.5,25.0,28.0,bwDscbExp,0.99895,0.001,0.001
etaR9rw_noPresel_fullPath,unseed,EE,R9gt0p93,1.566,2.5,28.0,31.0,bwDscbCms,0.99873,0.001,0.001
etaR9rw_noPresel_fullPath,unseed,EE,R9gt0p93,1.566,2.5,28.0,31.0,bwDscbExp,0.99923,0.001,0.001
etaR9rw_noPresel_fullPath,unseed,EE,R9gt0p93,1.566,2.5,31.0,35.0,bwDscbCms,0.99982,0.001,0.001
etaR9rw_noPresel_fullPath,unseed,EE,R9gt0p93,1.566,2.5,31.0,35.0,bwDscbExp,0.99941,0.001,0.001
etaR9rw_noPresel_fullPath,unseed,EE,R9gt0p93,1.566,2.5,35.0,40.0,bwDscbCms,0.99973,0.001,0.001
etaR9rw_noPresel_fullPath,unseed,EE,R9gt0p93,1.566,2.5,35.0,40.0,bwDscbExp,0.99974,0.001,0.001
etaR9rw_noPresel_fullPath,unseed,EE,R9gt0p93,1.566,2.5,40.0,45.0,bwDscbCms,0.99988,0.001,0.001
etaR9rw_noPresel_fullPath,unseed,EE,R9gt0p93,1.566,2.5,40.0,45.0,bwDscbExp,0.9999,0.001,0.001
etaR9rw_noPresel_fullPath,unseed,EE,R9gt0p93,1.566,2.5,45.0,50.0,bwDscbCms,0.99985,0.001,0.001
etaR9rw_noPresel_fullPath,unseed,EE,R9gt0p93,1.566,2.5,45.0,50.0,bwDscbExp,0.99989,0.001,0.001
etaR9rw_noPresel_fullPath,unseed,EE,R9gt0p93,1.566,2.5,50.0,60.0,bwDscbCms,0.99992,0.001,0.001
etaR9rw_noPresel_fullPath,unseed,EE,R9gt0p93,1.566,2.5,50.0,60.0,bwDscbExp,0.99979,0.001,0.001
etaR9rw_noPresel_fullPath,unseed,EE,R9gt0p93,1.566,2.5,60.0,70.0,bwDscbCms,0.99984,0.001,0.001
etaR9rw_noPresel_fullPath,unseed,EE,R9gt0p93,1.566,2.5,60.0,70.0,bwDscbExp,0.99975,0.001,0.001
etaR9rw_noPresel_fullPath,unseed,EE,R9gt0p93,1.566,2.5,70.0,90.0,bwDscbCms,0.99979,0.001,0.001
etaR9rw_noPresel_fullPath,unseed,EE,R9gt0p93,1.566,2.5,70.0,90.0,bwDscbExp,0.99971,0.001,0.001
etaR9rw_noPresel_fullPath,unseed,EE,R9gt0p93,1.566,2.5,90.0,999999.0,bwDscbCms,0.99974,0.001,0.001
etaR9rw_noPresel_fullPath,unseed,EE,R9gt0p93,1.566,2.5,90.0,999999.0,bwDscbExp,0.99972,0.001,0.001
etaR9rw_withPresel_fullPath,seed,EB,R9_0p50to0p55,0.0,1.444,0.0,35.0,bwDscbCms,0.86933,0.00368,0.00348
etaR9rw_withPresel_fullPath,seed,EB,R9_0p50to0p55,0.0,1.444,0.0,35.0,bwDscbExp,0.85604,0.00123,0.001
etaR9rw_withPresel_fullPath,seed,EB,R9_0p50to0p55,0.0,1.444,35.0,37.0,bwDscbCms,0.9431,0.00109,0.00108
etaR9rw_withPresel_fullPath,seed,EB,R9_0p50to0p55,0.0,1.444,35.0,37.0,bwDscbExp,0.9431,0.001,0.001
etaR9rw_withPresel_fullPath,seed,EB,R9_0p50to0p55,0.0,1.444,37.0,40.0,bwDscbCms,0.95249,0.001,0.001
etaR9rw_withPresel_fullPath,seed,EB,R9_0p50to0p55,0.0,1.444,37.0,40.0,bwDscbExp,0.9525,0.001,0.001
etaR9rw_withPresel_fullPath,seed,EB,R9_0p50to0p55,0.0,1.444,40.0,45.0,bwDscbCms,0.95541,0.001,0.001
etaR9rw_withPresel_fullPath,seed,EB,R9_0p50to0p55,0.0,1.444,40.0,45.0,bwDscbExp,0.95541,0.001,0.001
etaR9rw_withPresel_fullPath,seed,EB,R9_0p50to0p55,0.0,1.444,45.0,50.0,bwDscbCms,0.95732,0.001,0.00112
etaR9rw_withPresel_fullPath,seed,EB,R9_0p50to0p55,0.0,1.444,45.0,50.0,bwDscbExp,0.95721,0.001,0.001
etaR9rw_withPresel_fullPath,seed,EB,R9_0p50to0p55,0.0,1.444,50.0,60.0,bwDscbCms,0.95992,0.0035,0.00446
etaR9rw_withPresel_fullPath,seed,EB,R9_0p50to0p55,0.0,1.444,50.0,60.0,bwDscbExp,0.96075,0.00122,0.00119
etaR9rw_withPresel_fullPath,seed,EB,R9_0p50to0p55,0.0,1.444,60.0,70.0,bwDscbCms,0.97149,0.00533,0.0036
etaR9rw_withPresel_fullPath,seed,EB,R9_0p50to0p55,0.0,1.444,60.0,70.0,bwDscbExp,0.97056,0.00922,0.0034
etaR9rw_withPresel_fullPath,seed,EB,R9_0p50to0p55,0.0,1.444,70.0,90.0,bwDscbCms,0.9756,0.00477,0.00432
etaR9rw_withPresel_fullPath,seed,EB,R9_0p50to0p55,0.0,1.444,70.0,90.0,bwDscbExp,0.98304,0.00483,0.00484
etaR9rw_withPresel_fullPath,seed,EB,R9_0p50to0p55,0.0,1.444,90.0,999999.0,bwDscbCms,0.98337,0.00835,0.0084
etaR9rw_withPresel_fullPath,seed,EB,R9_0p50to0p55,0.0,1.444,90.0,999999.0,bwDscbExp,0.98292,0.00896,0.00674
etaR9rw_withPresel_fullPath,seed,EB,R9_0p55to0p85,0.0,1.444,0.0,35.0,bwDscbCms,0.89292,0.00221,0.00221
etaR9rw_withPresel_fullPath,seed,EB,R9_0p55to0p85,0.0,1.444,0.0,35.0,bwDscbExp,0.88272,0.001,0.001
etaR9rw_withPresel_fullPath,seed,EB,R9_0p55to0p85,0.0,1.444,35.0,37.0,bwDscbCms,0.95632,0.001,0.001
etaR9rw_withPresel_fullPath,seed,EB,R9_0p55to0p85,0.0,1.444,35.0,37.0,bwDscbExp,0.95632,0.001,0.001
etaR9rw_withPresel_fullPath,seed,EB,R9_0p55to0p85,0.0,1.444,37.0,40.0,bwDscbCms,0.96237,0.001,0.001
etaR9rw_withPresel_fullPath,seed,EB,R9_0p55to0p85,0.0,1.444,37.0,40.0,bwDscbExp,0.96237,0.001,0.001
etaR9rw_withPresel_fullPath,seed,EB,R9_0p55to0p85,0.0,1.444,40.0,45.0,bwDscbCms,0.9655,0.001,0.001
etaR9rw_withPresel_fullPath,seed,EB,R9_0p55to0p85,0.0,1.444,40.0,45.0,bwDscbExp,0.9655,0.001,0.001
etaR9rw_withPresel_fullPath,seed,EB,R9_0p55to0p85,0.0,1.444,45.0,50.0,bwDscbCms,0.96774,0.001,0.001
etaR9rw_withPresel_fullPath,seed,EB,R9_0p55to0p85,0.0,1.444,45.0,50.0,bwDscbExp,0.96763,0.001,0.001
etaR9rw_withPresel_fullPath,seed,EB,R9_0p55to0p85,0.0,1.444,50.0,60.0,bwDscbCms,0.97044,0.001,0.001
etaR9rw_withPresel_fullPath,seed,EB,R9_0p55to0p85,0.0,1.444,50.0,60.0,bwDscbExp,0.97065,0.001,0.001
etaR9rw_withPresel_fullPath,seed,EB,R9_0p55to0p85,0.0,1.444,60.0,70.0,bwDscbCms,0.9781,0.00261,0.00261
etaR9rw_withPresel_fullPath,seed,EB,R9_0p55to0p85,0.0,1.444,60.0,70.0,bwDscbExp,0.97795,0.00114,0.00105
etaR9rw_withPresel_fullPath,seed,EB,R9_0p55to0p85,0.0,1.444,70.0,90.0,bwDscbCms,0.98418,0.00177,0.00152
etaR9rw_withPresel_fullPath,seed,EB,R9_0p55to0p85,0.0,1.444,70.0,90.0,bwDscbExp,0.98303,0.001,0.001
etaR9rw_withPresel_fullPath,seed,EB,R9_0p55to0p85,0.0,1.444,90.0,999999.0,bwDscbCms,0.99306,0.00114,0.001
etaR9rw_withPresel_fullPath,seed,EB,R9_0p55to0p85,0.0,1.444,90.0,999999.0,bwDscbExp,0.99282,0.00131,0.001
etaR9rw_withPresel_fullPath,seed,EB,R9gt0p85,0.0,1.444,0.0,35.0,bwDscbCms,0.88699,0.001,0.001
etaR9rw_withPresel_fullPath,seed,EB,R9gt0p85,0.0,1.444,0.0,35.0,bwDscbExp,0.88624,0.001,0.001
etaR9rw_withPresel_fullPath,seed,EB,R9gt0p85,0.0,1.444,35.0,37.0,bwDscbCms,0.94111,0.001,0.001
etaR9rw_withPresel_fullPath,seed,EB,R9gt0p85,0.0,1.444,35.0,37.0,bwDscbExp,0.94111,0.001,0.001
etaR9rw_withPresel_fullPath,seed,EB,R9gt0p85,0.0,1.444,37.0,40.0,bwDscbCms,0.94758,0.001,0.001
etaR9rw_withPresel_fullPath,seed,EB,R9gt0p85,0.0,1.444,37.0,40.0,bwDscbExp,0.94756,0.001,0.001
etaR9rw_withPresel_fullPath,seed,EB,R9gt0p85,0.0,1.444,40.0,45.0,bwDscbCms,0.95346,0.001,0.001
etaR9rw_withPresel_fullPath,seed,EB,R9gt0p85,0.0,1.444,40.0,45.0,bwDscbExp,0.95346,0.001,0.001
etaR9rw_withPresel_fullPath,seed,EB,R9gt0p85,0.0,1.444,45.0,50.0,bwDscbCms,0.96017,0.001,0.001
etaR9rw_withPresel_fullPath,seed,EB,R9gt0p85,0.0,1.444,45.0,50.0,bwDscbExp,0.96012,0.001,0.001
etaR9rw_withPresel_fullPath,seed,EB,R9gt0p85,0.0,1.444,50.0,60.0,bwDscbCms,0.96854,0.001,0.001
etaR9rw_withPresel_fullPath,seed,EB,R9gt0p85,0.0,1.444,50.0,60.0,bwDscbExp,0.96744,0.001,0.001
etaR9rw_withPresel_fullPath,seed,EB,R9gt0p85,0.0,1.444,60.0,70.0,bwDscbCms,0.97621,0.001,0.001
etaR9rw_withPresel_fullPath,seed,EB,R9gt0p85,0.0,1.444,60.0,70.0,bwDscbExp,0.97579,0.001,0.001
etaR9rw_withPresel_fullPath,seed,EB,R9gt0p85,0.0,1.444,70.0,90.0,bwDscbCms,0.98639,0.001,0.001
etaR9rw_withPresel_fullPath,seed,EB,R9gt0p85,0.0,1.444,70.0,90.0,bwDscbExp,0.9857,0.001,0.001
etaR9rw_withPresel_fullPath,seed,EB,R9gt0p85,0.0,1.444,90.0,999999.0,bwDscbCms,0.99329,0.001,0.001
etaR9rw_withPresel_fullPath,seed,EB,R9gt0p85,0.0,1.444,90.0,999999.0,bwDscbExp,0.99303,0.001,0.001
etaR9rw_withPresel_fullPath,seed,EE,R9_0p90to0p93,1.566,2.5,0.0,35.0,bwDscbCms,0.91052,0.00491,0.00471
etaR9rw_withPresel_fullPath,seed,EE,R9_0p90to0p93,1.566,2.5,0.0,35.0,bwDscbExp,0.88948,0.00206,0.00205
etaR9rw_withPresel_fullPath,seed,EE,R9_0p90to0p93,1.566,2.5,35.0,37.0,bwDscbCms,0.96339,0.00106,0.00165
etaR9rw_withPresel_fullPath,seed,EE,R9_0p90to0p93,1.566,2.5,35.0,37.0,bwDscbExp,0.96322,0.00101,0.001
etaR9rw_withPresel_fullPath,seed,EE,R9_0p90to0p93,1.566,2.5,37.0,40.0,bwDscbCms,0.96977,0.001,0.001
etaR9rw_withPresel_fullPath,seed,EE,R9_0p90to0p93,1.566,2.5,37.0,40.0,bwDscbExp,0.96974,0.001,0.001
etaR9rw_withPresel_fullPath,seed,EE,R9_0p90to0p93,1.566,2.5,40.0,45.0,bwDscbCms,0.97627,0.001,0.001
etaR9rw_withPresel_fullPath,seed,EE,R9_0p90to0p93,1.566,2.5,40.0,45.0,bwDscbExp,0.97617,0.001,0.001
etaR9rw_withPresel_fullPath,seed,EE,R9_0p90to0p93,1.566,2.5,45.0,50.0,bwDscbCms,0.98301,0.001,0.001
etaR9rw_withPresel_fullPath,seed,EE,R9_0p90to0p93,1.566,2.5,45.0,50.0,bwDscbExp,0.98289,0.001,0.001
etaR9rw_withPresel_fullPath,seed,EE,R9_0p90to0p93,1.566,2.5,50.0,60.0,bwDscbCms,0.98317,0.00154,0.00361
etaR9rw_withPresel_fullPath,seed,EE,R9_0p90to0p93,1.566,2.5,50.0,60.0,bwDscbExp,0.98338,0.001,0.001
etaR9rw_withPresel_fullPath,seed,EE,R9_0p90to0p93,1.566,2.5,60.0,70.0,bwDscbCms,0.98659,0.00257,0.00297
etaR9rw_withPresel_fullPath,seed,EE,R9_0p90to0p93,1.566,2.5,60.0,70.0,bwDscbExp,0.98761,0.00266,0.00213
etaR9rw_withPresel_fullPath,seed,EE,R9_0p90to0p93,1.566,2.5,70.0,90.0,bwDscbCms,0.9926,0.00187,0.00191
etaR9rw_withPresel_fullPath,seed,EE,R9_0p90to0p93,1.566,2.5,70.0,90.0,bwDscbExp,0.99172,0.00274,0.00242
etaR9rw_withPresel_fullPath,seed,EE,R9_0p90to0p93,1.566,2.5,90.0,999999.0,bwDscbCms,0.99774,0.00127,0.00127
etaR9rw_withPresel_fullPath,seed,EE,R9_0p90to0p93,1.566,2.5,90.0,999999.0,bwDscbExp,0.99693,0.00108,0.00108
etaR9rw_withPresel_fullPath,seed,EE,R9gt0p93,1.566,2.5,0.0,35.0,bwDscbCms,0.9265,0.001,0.001
etaR9rw_withPresel_fullPath,seed,EE,R9gt0p93,1.566,2.5,0.0,35.0,bwDscbExp,0.91427,0.001,0.001
etaR9rw_withPresel_fullPath,seed,EE,R9gt0p93,1.566,2.5,35.0,37.0,bwDscbCms,0.97042,0.001,0.001
etaR9rw_withPresel_fullPath,seed,EE,R9gt0p93,1.566,2.5,35.0,37.0,bwDscbExp,0.96879,0.001,0.001
etaR9rw_withPresel_fullPath,seed,EE,R9gt0p93,1.566,2.5,37.0,40.0,bwDscbCms,0.97247,0.001,0.001
etaR9rw_withPresel_fullPath,seed,EE,R9gt0p93,1.566,2.5,37.0,40.0,bwDscbExp,0.97232,0.001,0.001
etaR9rw_withPresel_fullPath,seed,EE,R9gt0p93,1.566,2.5,40.0,45.0,bwDscbCms,0.97576,0.001,0.001
etaR9rw_withPresel_fullPath,seed,EE,R9gt0p93,1.566,2.5,40.0,45.0,bwDscbExp,0.97572,0.001,0.001
etaR9rw_withPresel_fullPath,seed,EE,R9gt0p93,1.566,2.5,45.0,50.0,bwDscbCms,0.97691,0.001,0.001
etaR9rw_withPresel_fullPath,seed,EE,R9gt0p93,1.566,2.5,45.0,50.0,bwDscbExp,0.97717,0.001,0.001
etaR9rw_withPresel_fullPath,seed,EE,R9gt0p93,1.566,2.5,50.0,60.0,bwDscbCms,0.97702,0.001,0.001
etaR9rw_withPresel_fullPath,seed,EE,R9gt0p93,1.566,2.5,50.0,60.0,bwDscbExp,0.97729,0.001,0.001
etaR9rw_withPresel_fullPath,seed,EE,R9gt0p93,1.566,2.5,60.0,70.0,bwDscbCms,0.9846,0.0019,0.00267
etaR9rw_withPresel_fullPath,seed,EE,R9gt0p93,1.566,2.5,60.0,70.0,bwDscbExp,0.98269,0.001,0.00135
etaR9rw_withPresel_fullPath,seed,EE,R9gt0p93,1.566,2.5,70.0,90.0,bwDscbCms,0.98667,0.001,0.00129
etaR9rw_withPresel_fullPath,seed,EE,R9gt0p93,1.566,2.5,70.0,90.0,bwDscbExp,0.98649,0.001,0.001
etaR9rw_withPresel_fullPath,seed,EE,R9gt0p93,1.566,2.5,90.0,999999.0,bwDscbCms,0.99009,0.001,0.00165
etaR9rw_withPresel_fullPath,seed,EE,R9gt0p93,1.566,2.5,90.0,999999.0,bwDscbExp,0.98906,0.00112,0.001
etaR9rw_withPresel_fullPath,unseed,EB,R9_0p50to0p55,0.0,1.444,0.0,21.0,bwDscbCms,0.9863,0.00912,0.00407
etaR9rw_withPresel_fullPath,unseed,EB,R9_0p50to0p55,0.0,1.444,0.0,21.0,bwDscbExp,0.9867,0.00393,0.00692
etaR9rw_withPresel_fullPath,unseed,EB,R9_0p50to0p55,0.0,1.444,21.0,25.0,bwDscbCms,0.99648,0.00117,0.00111
etaR9rw_withPresel_fullPath,unseed,EB,R9_0p50to0p55,0.0,1.444,21.0,25.0,bwDscbExp,0.99746,0.00144,0.00113
etaR9rw_withPresel_fullPath,unseed,EB,R9_0p50to0p55,0.0,1.444,25.0,28.0,bwDscbCms,0.99801,0.00107,0.001
etaR9rw_withPresel_fullPath,unseed,EB,R9_0p50to0p55,0.0,1.444,25.0,28.0,bwDscbExp,0.99892,0.001,0.001
etaR9rw_withPresel_fullPath,unseed,EB,R9_0p50to0p55,0.0,1.444,28.0,31.0,bwDscbCms,0.99852,0.001,0.00105
etaR9rw_withPresel_fullPath,unseed,EB,R9_0p50to0p55,0.0,1.444,28.0,31.0,bwDscbExp,0.99888,0.001,0.001
etaR9rw_withPresel_fullPath,unseed,EB,R9_0p50to0p55,0.0,1.444,31.0,35.0,bwDscbCms,0.99977,0.001,0.001
etaR9rw_withPresel_fullPath,unseed,EB,R9_0p50to0p55,0.0,1.444,31.0,35.0,bwDscbExp,0.9989,0.001,0.001
etaR9rw_withPresel_fullPath,unseed,EB,R9_0p50to0p55,0.0,1.444,35.0,40.0,bwDscbCms,0.99939,0.001,0.001
etaR9rw_withPresel_fullPath,unseed,EB,R9_0p50to0p55,0.0,1.444,35.0,40.0,bwDscbExp,0.99939,0.001,0.001
etaR9rw_withPresel_fullPath,unseed,EB,R9_0p50to0p55,0.0,1.444,40.0,45.0,bwDscbCms,0.99984,0.001,0.001
etaR9rw_withPresel_fullPath,unseed,EB,R9_0p50to0p55,0.0,1.444,40.0,45.0,bwDscbExp,0.99975,0.001,0.001
etaR9rw_withPresel_fullPath,unseed,EB,R9_0p50to0p55,0.0,1.444,45.0,50.0,bwDscbCms,0.99969,0.001,0.001
etaR9rw_withPresel_fullPath,unseed,EB,R9_0p50to0p55,0.0,1.444,45.0,50.0,bwDscbExp,0.99969,0.001,0.001
etaR9rw_withPresel_fullPath,unseed,EB,R9_0p50to0p55,0.0,1.444,50.0,60.0,bwDscbCms,0.9994,0.001,0.001
etaR9rw_withPresel_fullPath,unseed,EB,R9_0p50to0p55,0.0,1.444,50.0,60.0,bwDscbExp,0.99931,0.001,0.001
etaR9rw_withPresel_fullPath,unseed,EB,R9_0p50to0p55,0.0,1.444,60.0,70.0,bwDscbCms,0.9981,0.001,0.001
etaR9rw_withPresel_fullPath,unseed,EB,R9_0p50to0p55,0.0,1.444,60.0,70.0,bwDscbExp,0.99805,0.001,0.001
etaR9rw_withPresel_fullPath,unseed,EB,R9_0p50to0p55,0.0,1.444,70.0,90.0,bwDscbCms,0.99773,0.00141,0.00141
etaR9rw_withPresel_fullPath,unseed,EB,R9_0p50to0p55,0.0,1.444,70.0,90.0,bwDscbExp,0.99774,0.0016,0.00112
etaR9rw_withPresel_fullPath,unseed,EB,R9_0p50to0p55,0.0,1.444,90.0,999999.0,bwDscbCms,0.99089,0.00224,0.002
etaR9rw_withPresel_fullPath,unseed,EB,R9_0p50to0p55,0.0,1.444,90.0,999999.0,bwDscbExp,0.99113,0.00418,0.00443
etaR9rw_withPresel_fullPath,unseed,EB,R9_0p55to0p85,0.0,1.444,0.0,21.0,bwDscbCms,0.99163,0.001,0.001
etaR9rw_withPresel_fullPath,unseed,EB,R9_0p55to0p85,0.0,1.444,0.0,21.0,bwDscbExp,0.99177,0.00128,0.00215
etaR9rw_withPresel_fullPath,unseed,EB,R9_0p55to0p85,0.0,1.444,21.0,25.0,bwDscbCms,0.99859,0.00105,0.00115
etaR9rw_withPresel_fullPath,unseed,EB,R9_0p55to0p85,0.0,1.444,21.0,25.0,bwDscbExp,0.99905,0.001,0.001
etaR9rw_withPresel_fullPath,unseed,EB,R9_0p55to0p85,0.0,1.444,25.0,28.0,bwDscbCms,0.99877,0.001,0.001
etaR9rw_withPresel_fullPath,unseed,EB,R9_0p55to0p85,0.0,1.444,25.0,28.0,bwDscbExp,0.99921,0.001,0.001
etaR9rw_withPresel_fullPath,unseed,EB,R9_0p55to0p85,0.0,1.444,28.0,31.0,bwDscbCms,0.99927,0.001,0.001
etaR9rw_withPresel_fullPath,unseed,EB,R9_0p55to0p85,0.0,1.444,28.0,31.0,bwDscbExp,0.99947,0.001,0.001
etaR9rw_withPresel_fullPath,unseed,EB,R9_0p55to0p85,0.0,1.444,31.0,35.0,bwDscbCms,0.99967,0.001,0.001
etaR9rw_withPresel_fullPath,unseed,EB,R9_0p55to0p85,0.0,1.444,31.0,35.0,bwDscbExp,0.99941,0.001,0.001
etaR9rw_withPresel_fullPath,unseed,EB,R9_0p55to0p85,0.0,1.444,35.0,40.0,bwDscbCms,0.99979,0.001,0.001
etaR9rw_withPresel_fullPath,unseed,EB,R9_0p55to0p85,0.0,1.444,35.0,40.0,bwDscbExp,0.99976,0.001,0.001
etaR9rw_withPresel_fullPath,unseed,EB,R9_0p55to0p85,0.0,1.444,40.0,45.0,bwDscbCms,0.99989,0.001,0.001
etaR9rw_withPresel_fullPath,unseed,EB,R9_0p55to0p85,0.0,1.444,40.0,45.0,bwDscbExp,0.99984,0.001,0.001
etaR9rw_withPresel_fullPath,unseed,EB,R9_0p55to0p85,0.0,1.444,45.0,50.0,bwDscbCms,0.99982,0.001,0.001
etaR9rw_withPresel_fullPath,unseed,EB,R9_0p55to0p85,0.0,1.444,45.0,50.0,bwDscbExp,0.99982,0.001,0.001
etaR9rw_withPresel_fullPath,unseed,EB,R9_0p55to0p85,0.0,1.444,50.0,60.0,bwDscbCms,0.9997,0.001,0.001
etaR9rw_withPresel_fullPath,unseed,EB,R9_0p55to0p85,0.0,1.444,50.0,60.0,bwDscbExp,0.99977,0.001,0.001
etaR9rw_withPresel_fullPath,unseed,EB,R9_0p55to0p85,0.0,1.444,60.0,70.0,bwDscbCms,0.99921,0.001,0.001
etaR9rw_withPresel_fullPath,unseed,EB,R9_0p55to0p85,0.0,1.444,60.0,70.0,bwDscbExp,0.99924,0.001,0.001
etaR9rw_withPresel_fullPath,unseed,EB,R9_0p55to0p85,0.0,1.444,70.0,90.0,bwDscbCms,0.9994,0.001,0.001
etaR9rw_withPresel_fullPath,unseed,EB,R9_0p55to0p85,0.0,1.444,70.0,90.0,bwDscbExp,0.99931,0.001,0.001
etaR9rw_withPresel_fullPath,unseed,EB,R9_0p55to0p85,0.0,1.444,90.0,999999.0,bwDscbCms,0.99913,0.001,0.001
etaR9rw_withPresel_fullPath,unseed,EB,R9_0p55to0p85,0.0,1.444,90.0,999999.0,bwDscbExp,0.99969,0.001,0.001
etaR9rw_withPresel_fullPath,unseed,EB,R9gt0p85,0.0,1.444,0.0,21.0,bwDscbCms,0.99153,0.001,0.001
etaR9rw_withPresel_fullPath,unseed,EB,R9gt0p85,0.0,1.444,0.0,21.0,bwDscbExp,0.99336,0.001,0.00101
etaR9rw_withPresel_fullPath,unseed,EB,R9gt0p85,0.0,1.444,21.0,25.0,bwDscbCms,0.99654,0.001,0.001
etaR9rw_withPresel_fullPath,unseed,EB,R9gt0p85,0.0,1.444,21.0,25.0,bwDscbExp,0.99764,0.001,0.001
etaR9rw_withPresel_fullPath,unseed,EB,R9gt0p85,0.0,1.444,25.0,28.0,bwDscbCms,0.99854,0.001,0.001
etaR9rw_withPresel_fullPath,unseed,EB,R9gt0p85,0.0,1.444,25.0,28.0,bwDscbExp,0.99939,0.001,0.001
etaR9rw_withPresel_fullPath,unseed,EB,R9gt0p85,0.0,1.444,28.0,31.0,bwDscbCms,0.99927,0.001,0.001
etaR9rw_withPresel_fullPath,unseed,EB,R9gt0p85,0.0,1.444,28.0,31.0,bwDscbExp,0.99943,0.001,0.001
etaR9rw_withPresel_fullPath,unseed,EB,R9gt0p85,0.0,1.444,31.0,35.0,bwDscbCms,0.99962,0.001,0.001
etaR9rw_withPresel_fullPath,unseed,EB,R9gt0p85,0.0,1.444,31.0,35.0,bwDscbExp,0.99955,0.001,0.001
etaR9rw_withPresel_fullPath,unseed,EB,R9gt0p85,0.0,1.444,35.0,40.0,bwDscbCms,0.99985,0.001,0.001
etaR9rw_withPresel_fullPath,unseed,EB,R9gt0p85,0.0,1.444,35.0,40.0,bwDscbExp,0.99977,0.001,0.001
etaR9rw_withPresel_fullPath,unseed,EB,R9gt0p85,0.0,1.444,40.0,45.0,bwDscbCms,0.9999,0.001,0.001
etaR9rw_withPresel_fullPath,unseed,EB,R9gt0p85,0.0,1.444,40.0,45.0,bwDscbExp,0.99987,0.001,0.001
etaR9rw_withPresel_fullPath,unseed,EB,R9gt0p85,0.0,1.444,45.0,50.0,bwDscbCms,0.99987,0.001,0.001
etaR9rw_withPresel_fullPath,unseed,EB,R9gt0p85,0.0,1.444,45.0,50.0,bwDscbExp,0.99987,0.001,0.001
etaR9rw_withPresel_fullPath,unseed,EB,R9gt0p85,0.0,1.444,50.0,60.0,bwDscbCms,0.99976,0.001,0.001
etaR9rw_withPresel_fullPath,unseed,EB,R9gt0p85,0.0,1.444,50.0,60.0,bwDscbExp,0.9998,0.001,0.001
etaR9rw_withPresel_fullPath,unseed,EB,R9gt0p85,0.0,1.444,60.0,70.0,bwDscbCms,0.99943,0.001,0.001
etaR9rw_withPresel_fullPath,unseed,EB,R9gt0p85,0.0,1.444,60.0,70.0,bwDscbExp,0.99951,0.001,0.001
etaR9rw_withPresel_fullPath,unseed,EB,R9gt0p85,0.0,1.444,70.0,90.0,bwDscbCms,0.99963,0.001,0.001
etaR9rw_withPresel_fullPath,unseed,EB,R9gt0p85,0.0,1.444,70.0,90.0,bwDscbExp,0.99948,0.001,0.001
etaR9rw_withPresel_fullPath,unseed,EB,R9gt0p85,0.0,1.444,90.0,999999.0,bwDscbCms,0.99958,0.001,0.001
etaR9rw_withPresel_fullPath,unseed,EB,R9gt0p85,0.0,1.444,90.0,999999.0,bwDscbExp,0.99972,0.001,0.001
etaR9rw_withPresel_fullPath,unseed,EE,R9_0p90to0p93,1.566,2.5,0.0,21.0,bwDscbCms,0.97783,0.00308,0.0059
etaR9rw_withPresel_fullPath,unseed,EE,R9_0p90to0p93,1.566,2.5,0.0,21.0,bwDscbExp,0.97421,0.00544,0.01065
etaR9rw_withPresel_fullPath,unseed,EE,R9_0p90to0p93,1.566,2.5,21.0,25.0,bwDscbCms,0.99077,0.00139,0.00168
etaR9rw_withPresel_fullPath,unseed,EE,R9_0p90to0p93,1.566,2.5,21.0,25.0,bwDscbExp,0.99315,0.00188,0.001
etaR9rw_withPresel_fullPath,unseed,EE,R9_0p90to0p93,1.566,2.5,25.0,28.0,bwDscbCms,0.99844,0.001,0.001
etaR9rw_withPresel_fullPath,unseed,EE,R9_0p90to0p93,1.566,2.5,25.0,28.0,bwDscbExp,0.99707,0.00106,0.00106
etaR9rw_withPresel_fullPath,unseed,EE,R9_0p90to0p93,1.566,2.5,28.0,31.0,bwDscbCms,0.99772,0.001,0.001
etaR9rw_withPresel_fullPath,unseed,EE,R9_0p90to0p93,1.566,2.5,28.0,31.0,bwDscbExp,0.99822,0.001,0.001
etaR9rw_withPresel_fullPath,unseed,EE,R9_0p90to0p93,1.566,2.5,31.0,35.0,bwDscbCms,0.99886,0.001,0.001
etaR9rw_withPresel_fullPath,unseed,EE,R9_0p90to0p93,1.566,2.5,31.0,35.0,bwDscbExp,0.99884,0.001,0.001
etaR9rw_withPresel_fullPath,unseed,EE,R9_0p90to0p93,1.566,2.5,35.0,40.0,bwDscbCms,0.99966,0.001,0.001
etaR9rw_withPresel_fullPath,unseed,EE,R9_0p90to0p93,1.566,2.5,35.0,40.0,bwDscbExp,0.99963,0.001,0.001
etaR9rw_withPresel_fullPath,unseed,EE,R9_0p90to0p93,1.566,2.5,40.0,45.0,bwDscbCms,0.99982,0.001,0.001
etaR9rw_withPresel_fullPath,unseed,EE,R9_0p90to0p93,1.566,2.5,40.0,45.0,bwDscbExp,0.99966,0.001,0.001
etaR9rw_withPresel_fullPath,unseed,EE,R9_0p90to0p93,1.566,2.5,45.0,50.0,bwDscbCms,0.99986,0.001,0.001
etaR9rw_withPresel_fullPath,unseed,EE,R9_0p90to0p93,1.566,2.5,45.0,50.0,bwDscbExp,0.9998,0.001,0.001
etaR9rw_withPresel_fullPath,unseed,EE,R9_0p90to0p93,1.566,2.5,50.0,60.0,bwDscbCms,0.99929,0.001,0.001
etaR9rw_withPresel_fullPath,unseed,EE,R9_0p90to0p93,1.566,2.5,50.0,60.0,bwDscbExp,0.99956,0.001,0.001
etaR9rw_withPresel_fullPath,unseed,EE,R9_0p90to0p93,1.566,2.5,60.0,70.0,bwDscbCms,0.99975,0.001,0.001
etaR9rw_withPresel_fullPath,unseed,EE,R9_0p90to0p93,1.566,2.5,60.0,70.0,bwDscbExp,0.99974,0.001,0.001
etaR9rw_withPresel_fullPath,unseed,EE,R9_0p90to0p93,1.566,2.5,70.0,90.0,bwDscbCms,0.99916,0.001,0.001
etaR9rw_withPresel_fullPath,unseed,EE,R9_0p90to0p93,1.566,2.5,70.0,90.0,bwDscbExp,0.99911,0.001,0.001
etaR9rw_withPresel_fullPath,unseed,EE,R9_0p90to0p93,1.566,2.5,90.0,999999.0,bwDscbCms,0.99946,0.001,0.001
etaR9rw_withPresel_fullPath,unseed,EE,R9_0p90to0p93,1.566,2.5,90.0,999999.0,bwDscbExp,0.99944,0.001,0.001
etaR9rw_withPresel_fullPath,unseed,EE,R9gt0p93,1.566,2.5,0.0,21.0,bwDscbCms,0.98058,0.001,0.001
etaR9rw_withPresel_fullPath,unseed,EE,R9gt0p93,1.566,2.5,0.0,21.0,bwDscbExp,0.97674,0.001,0.001
etaR9rw_withPresel_fullPath,unseed,EE,R9gt0p93,1.566,2.5,21.0,25.0,bwDscbCms,0.99247,0.001,0.001
etaR9rw_withPresel_fullPath,unseed,EE,R9gt0p93,1.566,2.5,21.0,25.0,bwDscbExp,0.99314,0.001,0.001
etaR9rw_withPresel_fullPath,unseed,EE,R9gt0p93,1.566,2.5,25.0,28.0,bwDscbCms,0.99778,0.001,0.001
etaR9rw_withPresel_fullPath,unseed,EE,R9gt0p93,1.566,2.5,25.0,28.0,bwDscbExp,0.99882,0.001,0.001
etaR9rw_withPresel_fullPath,unseed,EE,R9gt0p93,1.566,2.5,28.0,31.0,bwDscbCms,0.99874,0.001,0.001
etaR9rw_withPresel_fullPath,unseed,EE,R9gt0p93,1.566,2.5,28.0,31.0,bwDscbExp,0.99933,0.001,0.001
etaR9rw_withPresel_fullPath,unseed,EE,R9gt0p93,1.566,2.5,31.0,35.0,bwDscbCms,0.99941,0.001,0.001
etaR9rw_withPresel_fullPath,unseed,EE,R9gt0p93,1.566,2.5,31.0,35.0,bwDscbExp,0.99941,0.001,0.001
etaR9rw_withPresel_fullPath,unseed,EE,R9gt0p93,1.566,2.5,35.0,40.0,bwDscbCms,0.99973,0.001,0.001
etaR9rw_withPresel_fullPath,unseed,EE,R9gt0p93,1.566,2.5,35.0,40.0,bwDscbExp,0.99974,0.001,0.001
etaR9rw_withPresel_fullPath,unseed,EE,R9gt0p93,1.566,2.5,40.0,45.0,bwDscbCms,0.99988,0.001,0.001
etaR9rw_withPresel_fullPath,unseed,EE,R9gt0p93,1.566,2.5,40.0,45.0,bwDscbExp,0.99991,0.001,0.001
etaR9rw_withPresel_fullPath,unseed,EE,R9gt0p93,1.566,2.5,45.0,50.0,bwDscbCms,0.99985,0.001,0.001
etaR9rw_withPresel_fullPath,unseed,EE,R9gt0p93,1.566,2.5,45.0,50.0,bwDscbExp,0.99988,0.001,0.001
etaR9rw_withPresel_fullPath,unseed,EE,R9gt0p93,1.566,2.5,50.0,60.0,bwDscbCms,0.99992,0.001,0.001
etaR9rw_withPresel_fullPath,unseed,EE,R9gt0p93,1.566,2.5,50.0,60.0,bwDscbExp,0.99979,0.001,0.001
etaR9rw_withPresel_fullPath,unseed,EE,R9gt0p93,1.566,2.5,60.0,70.0,bwDscbCms,0.99984,0.001,0.001
etaR9rw_withPresel_fullPath,unseed,EE,R9gt0p93,1.566,2.5,60.0,70.0,bwDscbExp,0.99973,0.001,0.001
etaR9rw_withPresel_fullPath,unseed,EE,R9gt0p93,1.566,2.5,70.0,90.0,bwDscbCms,0.99979,0.001,0.001
etaR9rw_withPresel_fullPath,unseed,EE,R9gt0p93,1.566,2.5,70.0,90.0,bwDscbExp,0.99971,0.001,0.001
etaR9rw_withPresel_fullPath,unseed,EE,R9gt0p93,1.566,2.5,90.0,999999.0,bwDscbCms,0.99974,0.001,0.001
etaR9rw_withPresel_fullPath,unseed,EE,R9gt0p93,1.566,2.5,90.0,999999.0,bwDscbExp,0.99971,0.001,0.001
